datetime	reltime	speed	adxl_x	adxl_y	adxl_z	mpu_x	mpu_y	mpu_z	gx	gy	gz	yaw	pitch	roll	d	speed_real
2014-03-01_14:22:23_673580	2060.8125	0.1	0.0	0.0	0.0	0.0	0.0849609375	0.8232421875	0.0	0.0	0.0	0	0	0	0.0	220
2014-03-01_14:22:23_736056	8233.71875	0.2	39.0	162.0	-222.0	-0.56396484375	0.083984375	0.823974609375	-3.618320610687023	2.7938931297709924	-0.6335877862595419	0	0	0	0.0	220
2014-03-01_14:22:23_797762	14377.203125	0.3	38.0	162.0	-222.0	-0.56201171875	0.0830078125	0.821533203125	-3.480916030534351	2.7099236641221376	-0.7099236641221374	0	0	0	0.0	221
2014-03-01_14:22:23_858991	20499.609375	0.4	38.0	160.0	-220.0	-0.559326171875	0.078125	0.813720703125	-3.6564885496183206	2.732824427480916	-0.5954198473282443	0	0	0	0.0	221
2014-03-01_14:22:23_920448	26645.390625	0.5	38.0	165.0	-218.0	-0.566650390625	0.084716796875	0.807373046875	-3.519083969465649	2.786259541984733	-0.7251908396946565	0	0	0	0.0	221
2014-03-01_14:22:23_982020	32803.109375	0.6	37.0	164.0	-221.0	-0.565673828125	0.08056640625	0.82080078125	-3.595419847328244	2.7022900763358777	-0.5648854961832062	0	0	0	0.0	222
2014-03-01_14:22:24_043256	38925.71875	0.7	39.0	163.0	-222.0	-0.56103515625	0.077880859375	0.824462890625	-3.519083969465649	2.6412213740458017	-0.7251908396946565	0	0	0	0.0	222
2014-03-01_14:22:24_104489	45049.109375	0.8	39.0	161.0	-219.0	-0.5673828125	0.0859375	0.81884765625	-3.5877862595419847	2.6793893129770994	-0.4732824427480916	0	0	0	0.0	223
2014-03-01_14:22:24_166114	51213.21875	0.9	39.0	162.0	-221.0	-0.561279296875	0.086181640625	0.82177734375	-3.5801526717557253	2.648854961832061	-0.7786259541984732	0	0	0	0.0	223
2014-03-01_14:22:24_228026	57403.390625	1.0	36.0	161.0	-221.0	-0.559326171875	0.087158203125	0.817626953125	-3.6259541984732824	2.9389312977099236	-0.732824427480916	0	0	0	0.0	223
2014-03-01_14:22:24_289582	63559.203125	1.1	34.0	161.0	-220.0	-0.562744140625	0.067626953125	0.824462890625	-3.4732824427480917	2.7099236641221376	-0.6717557251908397	0	0	0	0.0	224
2014-03-01_14:22:24_351167	69717.40625	1.2	35.0	163.0	-219.0	-0.56201171875	0.085205078125	0.8251953125	-3.4122137404580153	2.7786259541984735	-0.7099236641221374	0	0	0	0.0	224
2014-03-01_14:22:24_412424	75850.3125	1.3	215.0	54.0	-216.0	-0.556396484375	0.083251953125	0.824951171875	-4.099236641221374	2.564885496183206	-0.5877862595419847	0	0	0	0.0	224
2014-03-01_14:22:24_473891	82021.109375	1.4	34.0	294.0	-226.0	-0.56298828125	0.08447265625	0.81298828125	-3.7251908396946565	2.732824427480916	-0.8473282442748091	0	0	0	0.0	225
2014-03-01_14:22:24_536429	88244.203125	1.5	-108.0	58.0	-214.0	-0.56787109375	0.066650390625	0.81884765625	-3.687022900763359	2.9083969465648853	-0.7709923664122137	0	0	0	0.0	225
2014-03-01_14:22:24_597557	94387.09375	1.6	38.0	282.0	-223.0	-0.564697265625	0.078369140625	0.818115234375	-3.7480916030534353	2.6412213740458017	-0.7022900763358778	0	0	0	0.0	226
2014-03-01_14:22:24_659164	100517.0	1.7	-131.0	82.0	-214.0	-0.559814453125	0.079345703125	0.81884765625	-3.7404580152671754	2.7938931297709924	-0.5725190839694656	0	0	0	0.0	226
2014-03-01_14:22:24_720596	106660.0	1.8	245.0	151.0	-236.0	-0.561767578125	0.08056640625	0.817626953125	-3.6030534351145036	2.885496183206107	-0.4732824427480916	0	0	0	0.0	226
2014-03-01_14:22:24_781826	112782.59375	1.9	-149.0	106.0	-212.0	-0.550537109375	0.086669921875	0.8232421875	-3.2900763358778624	2.801526717557252	-0.6106870229007634	0	0	0	0.0	227
2014-03-01_14:22:24_844144	119014.3125	2.0	241.0	133.0	-231.0	-0.566162109375	0.08056640625	0.82373046875	-3.6030534351145036	2.8244274809160306	-0.6717557251908397	0	0	0	0.0	227
2014-03-01_14:22:24_905467	125147.203125	2.1	-9.0	262.0	-221.0	-0.5634765625	0.084228515625	0.819091796875	-3.572519083969466	2.969465648854962	-0.8015267175572519	0	0	0	0.0	227
2014-03-01_14:22:24_966800	131281.390625	2.2	38.0	161.0	-220.0	-0.560791015625	0.08251953125	0.82666015625	-3.7251908396946565	2.66412213740458	-0.7099236641221374	0	0	0	0.0	228
2014-03-01_14:22:25_028042	137404.609375	2.3	37.0	129.0	-215.0	-0.557861328125	0.085693359375	0.802001953125	-3.549618320610687	2.648854961832061	-0.8396946564885496	0	0	0	0.0	228
2014-03-01_14:22:25_089246	143524.8125	2.4	-116.0	168.0	-202.0	-0.56494140625	0.0859375	0.81494140625	-3.4656488549618323	2.7480916030534353	-0.9923664122137404	0	0	0	0.0	229
2014-03-01_14:22:25_151258	149726.203125	2.5	-1.0	102.0	-214.0	-0.576416015625	0.09228515625	0.820068359375	-3.450381679389313	2.572519083969466	-1.0610687022900764	0	0	0	0.0	229
2014-03-01_14:22:25_212552	155855.796875	2.6	200.0	203.0	-222.0	-0.56298828125	0.086181640625	0.828857421875	-3.648854961832061	2.7022900763358777	-0.6641221374045801	0	0	0	0.0	229
2014-03-01_14:22:25_273770	161983.515625	2.7	-52.0	76.0	-213.0	-0.564208984375	0.087158203125	0.830322265625	-3.687022900763359	2.66412213740458	-0.45038167938931295	0	0	0	0.0	230
2014-03-01_14:22:25_334896	168123.59375	2.8	207.0	210.0	-224.0	-0.55810546875	0.08447265625	0.81298828125	-3.6564885496183206	2.801526717557252	-0.6183206106870229	0	0	0	0.0	230
2014-03-01_14:22:25_399056	174506.296875	2.9	-109.0	65.0	-211.0	-0.557861328125	0.087158203125	0.82568359375	-3.5419847328244276	2.8396946564885495	-0.7022900763358778	0	0	0	0.0	231
2014-03-01_14:22:25_461733	180773.609375	3.0	193.0	210.0	-225.0	-0.547607421875	0.08447265625	0.825927734375	-3.564885496183206	3.0763358778625953	-0.6030534351145038	0	0	0	0.0	231
2014-03-01_14:22:25_522830	186883.515625	3.1	31.0	165.0	-217.0	-0.555419921875	0.08251953125	0.826904296875	-3.3435114503816794	3.015267175572519	-0.6717557251908397	0	0	0	0.0	231
2014-03-01_14:22:25_583924	192993.5	3.2	38.0	161.0	-221.0	-0.559326171875	0.08154296875	0.824951171875	-3.4732824427480917	2.732824427480916	-0.5877862595419847	0	0	0	0.0	232
2014-03-01_14:22:25_645180	199118.109375	3.3	38.0	163.0	-220.0	-0.5654296875	0.081787109375	0.8251953125	-3.435114503816794	3.0229007633587788	-0.6183206106870229	0	0	0	0.0	232
2014-03-01_14:22:25_706512	205251.59375	3.4	39.0	162.0	-221.0	-0.563232421875	0.087158203125	0.808837890625	-3.564885496183206	2.877862595419847	-0.6870229007633588	0	0	0	0.0	232
2014-03-01_14:22:25_767846	211385.921875	3.5	39.0	163.0	-219.0	-0.565673828125	0.0859375	0.8193359375	-3.427480916030534	2.9083969465648853	-0.7557251908396947	0	0	0	0.0	233
2014-03-01_14:22:25_829057	217505.71875	3.6	39.0	162.0	-220.0	-0.56396484375	0.08740234375	0.8154296875	-3.404580152671756	2.8931297709923665	-0.5267175572519084	0	0	0	0.0	233
2014-03-01_14:22:25_890313	223632.0	3.7	39.0	163.0	-221.0	-0.559326171875	0.078369140625	0.822265625	-3.6259541984732824	2.6412213740458017	-0.6870229007633588	0	0	0	0.0	234
2014-03-01_14:22:25_951580	229766.015625	3.8	37.0	164.0	-219.0	-0.56201171875	0.083740234375	0.823974609375	-3.50381679389313	2.885496183206107	-0.6793893129770993	0	0	0	0.0	234
2014-03-01_14:22:26_012897	235889.21875	3.9	38.0	162.0	-225.0	-0.560546875	0.08154296875	0.814697265625	-3.564885496183206	2.8931297709923665	-0.6870229007633588	0	0	0	0.0	234
2014-03-01_14:22:26_074279	242028.40625	4.0	37.0	160.0	-220.0	-0.5634765625	0.0830078125	0.81982421875	-3.6946564885496183	2.6259541984732824	-0.6946564885496184	0	0	0	0.0	235
2014-03-01_14:22:26_135526	248161.21875	4.1	23.0	188.0	-217.0	-0.570068359375	0.04736328125	0.768310546875	-5.236641221374046	2.4122137404580153	-0.9923664122137404	0	0	0	0.0	235
2014-03-01_14:22:26_196866	254286.59375	4.2	45.0	168.0	-242.0	-0.50927734375	0.094970703125	0.773681640625	-2.9389312977099236	2.114503816793893	-0.6412213740458015	0	0	0	0.0	235
2014-03-01_14:22:26_258162	260417.203125	4.3	41.0	154.0	-222.0	-0.58935546875	0.0751953125	0.716552734375	-0.09923664122137404	2.4885496183206106	-0.6259541984732825	0	0	0	0.0	236
2014-03-01_14:22:26_319269	266527.203125	4.4	35.0	160.0	-216.0	-0.6064453125	-0.046630859375	0.843017578125	-4.175572519083969	1.6793893129770991	-0.7022900763358778	0	0	0	0.0	236
2014-03-01_14:22:26_380598	272659.703125	4.5	24.0	164.0	-208.0	-0.542236328125	0.136962890625	0.89111328125	-2.450381679389313	1.5114503816793894	-0.6412213740458015	0	0	0	0.0	237
2014-03-01_14:22:26_441873	278787.796875	4.6	60.0	178.0	-236.0	-0.59228515625	0.12109375	0.9111328125	-3.122137404580153	3.6412213740458017	-0.648854961832061	0	0	0	0.0	237
2014-03-01_14:22:26_503094	284910.015625	4.7	67.0	154.0	-198.0	-0.522705078125	0.049560546875	0.89892578125	-2.595419847328244	2.450381679389313	-0.6641221374045801	0	0	0	0.0	237
2014-03-01_14:22:26_564290	291029.21875	4.8	107.0	226.0	-204.0	-0.588623046875	0.089599609375	0.183837890625	-3.7786259541984735	2.213740458015267	-0.5954198473282443	0	0	0	0.0	238
2014-03-01_14:22:26_625608	297161.40625	4.9	126.0	161.0	-213.0	-0.63134765625	0.035400390625	0.683349609375	-1.3587786259541985	6.145038167938932	-0.3435114503816794	0	0	0	0.0	238
2014-03-01_14:22:26_687100	303310.421875	5.0	44.0	212.0	-257.0	-0.49755859375	0.1142578125	1.18017578125	-5.0458015267175576	2.183206106870229	-1.549618320610687	0	0	0	0.0	239
2014-03-01_14:22:26_748296	309429.90625	5.1	22.0	142.0	-182.0	-0.582763671875	-0.0087890625	0.76025390625	-6.190839694656488	-0.1450381679389313	-3.404580152671756	0	0	0	0.0	239
2014-03-01_14:22:26_809566	315590.609375	5.2	71.0	151.0	-169.0	-0.621826171875	0.151123046875	0.787109375	-1.4351145038167938	2.4198473282442747	-0.12213740458015267	0	0	0	0.0	239
2014-03-01_14:22:26_875735	322175.09375	5.3	87.0	128.0	-233.0	-0.606201171875	0.1630859375	0.59912109375	-11.404580152671755	7.0458015267175576	0.22900763358778625	0	0	0	0.0	240
2014-03-01_14:22:26_937065	328307.09375	5.4	102.0	177.0	-217.0	-0.61572265625	0.202880859375	0.237060546875	-1.6488549618320612	7.6106870229007635	-0.5343511450381679	0	0	0	0.0	240
2014-03-01_14:22:26_998331	334433.09375	5.5	38.0	136.0	-151.0	-0.839599609375	0.16943359375	-0.2255859375	6.198473282442748	7.564885496183206	-0.5267175572519084	0	0	0	0.0	240
2014-03-01_14:22:27_059499	340550.796875	5.6	50.0	172.0	-209.0	-0.4970703125	0.109375	0.49072265625	-1.7557251908396947	2.8931297709923665	-0.16793893129770993	0	0	0	0.0	241
2014-03-01_14:22:27_120646	346665.40625	5.7	71.0	204.0	-281.0	-0.278564453125	0.072021484375	1.318359375	-6.862595419847328	-7.511450381679389	-1.8549618320610688	0	0	0	0.0	241
2014-03-01_14:22:27_181859	352789.90625	5.8	16.0	210.0	-169.0	-0.64208984375	0.098876953125	1.931396484375	-10.625954198473282	9.145038167938932	1.5725190839694656	0	0	0	0.0	242
2014-03-01_14:22:27_243131	358913.890625	5.9	16.0	124.0	-86.0	-0.670654296875	0.168701171875	0.068115234375	5.694656488549619	11.16030534351145	-1.8931297709923665	0	0	0	0.0	242
2014-03-01_14:22:27_304426	365042.703125	6.0	107.0	166.0	-271.0	-0.8623046875	-0.006103515625	0.36474609375	-2.351145038167939	4.083969465648855	-2.7480916030534353	0	0	0	0.0	242
2014-03-01_14:22:27_365769	371177.90625	6.1	65.0	115.0	-292.0	-0.69482421875	0.228759765625	1.99993896484375	-6.709923664122138	-4.114503816793893	-0.3969465648854962	0	0	0	0.0	243
2014-03-01_14:22:27_427298	377330.609375	6.2	72.0	148.0	-223.0	-0.223388671875	-0.036376953125	0.671875	-2.801526717557252	-9.007633587786259	-1.5648854961832062	0	0	0	0.0	243
2014-03-01_14:22:27_488559	383508.921875	6.3	32.0	139.0	-219.0	-0.61083984375	0.58349609375	1.988525390625	-5.343511450381679	-7.374045801526718	1.3282442748091603	0	0	0	0.0	243
2014-03-01_14:22:27_550247	389625.3125	6.4	103.0	151.0	-333.0	-0.81103515625	-0.141845703125	0.1787109375	-7.480916030534351	-13.236641221374045	-4.152671755725191	0	0	0	0.0	244
2014-03-01_14:22:27_611565	395757.0	6.5	65.0	160.0	-286.0	-0.983642578125	0.22607421875	1.1767578125	13.213740458015268	8.32824427480916	-1.6870229007633588	0	0	0	0.0	244
2014-03-01_14:22:27_673214	401922.203125	6.6	25.0	175.0	-147.0	-0.484375	0.257080078125	1.99993896484375	-12.732824427480915	-10.969465648854962	0.8396946564885496	0	0	0	0.0	245
2014-03-01_14:22:27_734532	408054.015625	6.7	8.0	177.0	-150.0	-0.698486328125	-0.332763671875	0.108642578125	-7.4961832061068705	11.366412213740459	-3.030534351145038	0	0	0	0.0	245
2014-03-01_14:22:27_795994	414203.90625	6.8	23.0	174.0	-163.0	-0.70458984375	-0.048828125	-0.107666015625	5.534351145038168	2.7251908396946565	-3.6106870229007635	0	0	0	0.0	245
2014-03-01_14:22:27_857261	420326.796875	6.9	19.0	169.0	-290.0	-0.4921875	0.4853515625	-0.77294921875	10.13740458015267	4.221374045801527	-0.8931297709923665	0	0	0	0.0	246
2014-03-01_14:22:27_918655	426464.90625	7.0	3.0	149.0	-171.0	-0.494384765625	-0.08544921875	1.99993896484375	-17.885496183206108	-7.534351145038168	1.4351145038167938	0	0	0	0.0	246
2014-03-01_14:22:27_979869	432588.09375	7.1	-33.0	138.0	-32.0	-0.65185546875	-0.032958984375	1.263427734375	-23.396946564885496	12.32824427480916	-0.061068702290076333	0	0	0	0.0	246
2014-03-01_14:22:28_041093	438710.109375	7.2	40.0	112.0	-100.0	-0.867919921875	-0.14892578125	-0.128173828125	0.05343511450381679	17.03053435114504	-3.015267175572519	0	0	0	0.0	247
2014-03-01_14:22:28_102584	444859.09375	7.3	86.0	198.0	-312.0	-0.288818359375	-0.193359375	-0.0771484375	-0.3435114503816794	-7.251908396946565	-0.07633587786259542	0	0	0	0.0	247
2014-03-01_14:22:28_163887	450989.203125	7.4	115.0	180.0	-407.0	-0.092041015625	-0.0888671875	0.47802734375	-3.732824427480916	-10.740458015267176	-1.1221374045801527	0	0	0	0.0	248
2014-03-01_14:22:28_225126	457113.59375	7.5	69.0	128.0	-188.0	-0.647216796875	-0.142578125	0.3408203125	3.381679389312977	-2.1068702290076335	-1.183206106870229	0	0	0	0.0	248
2014-03-01_14:22:28_286411	463241.71875	7.6	77.0	253.0	-386.0	-0.900146484375	-0.155517578125	0.24951171875	1.0916030534351144	16.229007633587788	-2.4198473282442747	0	0	0	0.0	248
2014-03-01_14:22:28_347595	469359.703125	7.7	-2.0	233.0	-360.0	-0.69140625	-0.08984375	1.778564453125	-24.129770992366414	6.633587786259542	-0.3511450381679389	0	0	0	0.0	249
2014-03-01_14:22:28_408891	475489.90625	7.8	38.0	181.0	-192.0	-0.469970703125	0.44482421875	1.834228515625	-12.80916030534351	7.99236641221374	0.7251908396946565	0	0	0	0.0	249
2014-03-01_14:22:28_470514	481652.703125	7.9	-52.0	157.0	-139.0	-0.738037109375	0.28369140625	-0.03271484375	7.702290076335878	-4.9541984732824424	0.5343511450381679	0	0	0	0.0	250
2014-03-01_14:22:28_531802	487780.3125	8.0	23.0	159.0	-260.0	-0.7431640625	-0.042236328125	0.146240234375	9.267175572519085	8.511450381679388	-3.4122137404580153	0	0	0	0.0	250
2014-03-01_14:22:28_593006	493901.015625	8.1	4.0	163.0	-260.0	-0.34619140625	-0.071044921875	0.337646484375	-3.7099236641221376	0.22137404580152673	-0.9236641221374046	0	0	0	0.0	250
2014-03-01_14:22:28_654254	500061.203125	8.2	33.0	102.0	-243.0	-0.376708984375	0.093505859375	0.871337890625	-12.755725190839694	-7.374045801526718	1.8396946564885497	0	0	0	0.0	251
2014-03-01_14:22:28_715857	506186.0	8.3	127.0	155.0	-196.0	-0.50439453125	0.3359375	0.5625	8.48091603053435	9.511450381679388	-0.9847328244274809	0	0	0	0.0	251
2014-03-01_14:22:28_777148	512315.40625	8.4	106.0	66.0	-145.0	-0.711669921875	0.0048828125	0.8212890625	-7.427480916030534	12.17557251908397	-2.3893129770992365	0	0	0	0.0	251
2014-03-01_14:22:28_838953	518496.203125	8.5	13.0	200.0	-289.0	-1.01171875	0.0947265625	-0.7099609375	11.595419847328245	-0.21374045801526717	-3.122137404580153	0	0	0	0.0	252
2014-03-01_14:22:28_900146	524614.0	8.6	128.0	94.0	-270.0	-0.45947265625	-0.263427734375	0.150146484375	-5.526717557251908	8.282442748091603	0.16793893129770993	0	0	0	0.0	252
2014-03-01_14:22:28_961365	530737.203125	8.7	-2.0	151.0	-174.0	-0.34765625	0.22900390625	0.613525390625	13.740458015267176	6.32824427480916	-1.7557251908396947	0	0	0	0.0	253
2014-03-01_14:22:29_022624	536863.296875	8.8	-28.0	188.0	-169.0	-0.607177734375	-0.0458984375	1.231201171875	-15.625954198473282	8.854961832061068	0.5114503816793893	0	0	0	0.0	253
2014-03-01_14:22:29_083672	542975.703125	8.9	-39.0	208.0	-286.0	-0.637451171875	0.054443359375	1.0693359375	-2.381679389312977	4.282442748091603	-0.0916030534351145	0	0	0	0.0	253
2014-03-01_14:22:29_145279	549128.59375	9.0	22.0	165.0	-220.0	-0.276123046875	-0.037353515625	0.646484375	-2.7938931297709924	-4.99236641221374	-1.8778625954198473	0	0	0	0.0	254
2014-03-01_14:22:29_206922	555292.40625	9.1	9.0	124.0	-220.0	-0.175048828125	0.04296875	1.48431396484375	-13.572519083969466	13.366412213740459	0.21374045801526717	0	0	0	0.0	254
2014-03-01_14:22:29_268135	561413.59375	9.2	52.0	77.0	-174.0	-0.69384765625	0.060546875	0.716552734375	-5.312977099236641	-3.8625954198473282	-1.8396946564885497	0	0	0	0.0	254
2014-03-01_14:22:29_329210	567521.71875	9.3	-20.0	186.0	-175.0	-0.658935546875	0.377197265625	0.931396484375	4.534351145038168	8.305343511450381	-0.7862595419847328	0	0	0	0.0	255
2014-03-01_14:22:29_390438	573644.609375	9.4	41.0	171.0	-147.0	-0.517822265625	-0.0048828125	0.12744140625	11.770992366412214	1.5877862595419847	-1.8625954198473282	0	0	0	0.0	255
2014-03-01_14:22:29_451838	579784.296875	9.5	1.0	220.0	-177.0	-0.415283203125	0.055908203125	0.60302734375	-13.16793893129771	-4.8320610687022905	-1.0	0	0	0	0.0	256
2014-03-01_14:22:29_513089	585909.3125	9.6	-54.0	197.0	-293.0	-0.164794921875	0.22705078125	1.774658203125	-20.374045801526716	-0.7404580152671756	-0.09923664122137404	0	0	0	0.0	256
2014-03-01_14:22:29_574298	592030.40625	9.7	56.0	154.0	-200.0	-0.48779296875	0.188232421875	1.16357421875	-19.9618320610687	6.022900763358779	-0.05343511450381679	0	0	0	0.0	256
2014-03-01_14:22:29_635548	598190.40625	9.8	26.0	124.0	-162.0	-0.69677734375	0.24609375	1.99993896484375	-19.85496183206107	7.038167938931298	0.6870229007633588	0	0	0	0.0	257
2014-03-01_14:22:29_697174	604318.609375	9.9	-15.0	233.0	-385.0	-0.39306640625	0.23779296875	1.677978515625	-18.954198473282442	6.66412213740458	0.5190839694656488	0	0	0	0.0	257
2014-03-01_14:22:29_758438	610444.5	10.0	22.0	234.0	-165.0	-0.440185546875	0.129150390625	1.74462890625	-20.33587786259542	6.480916030534351	0.7633587786259542	0	0	0	0.0	257
2014-03-01_14:22:29_819653	616564.921875	10.1	161.0	111.0	-370.0	-0.343505859375	0.32470703125	0.45556640625	-22.213740458015266	-1.1374045801526718	0.3969465648854962	0	0	0	0.0	258
2014-03-01_14:22:29_880899	622690.90625	10.2	-33.0	190.0	-184.0	-0.11181640625	0.105712890625	0.3017578125	-9.412213740458014	-4.7251908396946565	0.022900763358778626	0	0	0	0.0	258
2014-03-01_14:22:29_942109	628811.59375	10.3	108.0	154.0	-316.0	-0.9287109375	0.1298828125	0.249755859375	3.954198473282443	-6.526717557251908	-0.26717557251908397	0	0	0	0.0	259
2014-03-01_14:22:30_003400	634941.09375	10.4	83.0	134.0	-253.0	-0.459228515625	0.196533203125	0.91748046875	6.595419847328245	4.175572519083969	-0.7251908396946565	0	0	0	0.0	259
2014-03-01_14:22:30_064830	641083.71875	10.5	31.0	223.0	-159.0	-0.639404296875	-0.35009765625	1.042236328125	4.3816793893129775	-0.8549618320610687	-0.6564885496183206	0	0	0	0.0	259
2014-03-01_14:22:30_126040	647204.703125	10.6	54.0	152.0	-379.0	-0.327392578125	0.028076171875	0.392822265625	-19.46564885496183	12.259541984732824	1.7328244274809161	0	0	0	0.0	260
2014-03-01_14:22:30_187337	653334.3125	10.7	63.0	155.0	-183.0	-0.557373046875	0.2314453125	0.36962890625	6.862595419847328	0.8549618320610687	-3.068702290076336	0	0	0	0.0	260
2014-03-01_14:22:30_248668	659467.3125	10.8	35.0	116.0	-237.0	-0.756103515625	-0.089599609375	1.2041015625	-1.083969465648855	-1.4580152671755726	-0.7709923664122137	0	0	0	0.0	261
2014-03-01_14:22:30_309918	665592.90625	10.9	-78.0	166.0	-119.0	-0.851318359375	-0.058837890625	0.650390625	-15.427480916030534	-2.885496183206107	-0.549618320610687	0	0	0	0.0	261
2014-03-01_14:22:30_371671	671767.90625	11.0	-56.0	223.0	-303.0	-0.5390625	0.0302734375	1.3583984375	-7.312977099236641	-2.7404580152671754	-0.42748091603053434	0	0	0	0.0	261
2014-03-01_14:22:30_432925	677892.703125	11.1	-25.0	298.0	-162.0	-1.0439453125	0.271728515625	-0.091064453125	14.236641221374045	10.396946564885496	-3.1603053435114505	0	0	0	0.0	262
2014-03-01_14:22:30_494154	684015.796875	11.2	-80.0	302.0	-118.0	-0.667236328125	0.313720703125	1.951904296875	-8.83969465648855	11.099236641221374	0.8854961832061069	0	0	0	0.0	262
2014-03-01_14:22:30_555453	690146.296875	11.3	298.0	175.0	-196.0	-0.563720703125	0.310791015625	0.919921875	-9.381679389312977	9.374045801526718	-0.37404580152671757	0	0	0	0.0	262
2014-03-01_14:22:30_617205	696320.703125	11.4	42.0	183.0	-135.0	-0.18359375	-0.23828125	-0.6181640625	-9.213740458015268	-3.7022900763358777	-2.0	0	0	0	0.0	263
2014-03-01_14:22:30_678392	702439.90625	11.5	197.0	93.0	-317.0	-0.776611328125	-0.217041015625	0.81494140625	2.2061068702290076	1.3206106870229009	1.251908396946565	0	0	0	0.0	263
2014-03-01_14:22:30_739600	708560.796875	11.6	135.0	242.0	-316.0	-0.708740234375	0.3076171875	0.183349609375	6.465648854961832	6.923664122137405	-3.717557251908397	0	0	0	0.0	264
2014-03-01_14:22:30_800864	714687.109375	11.7	-63.0	285.0	-176.0	-0.18212890625	0.129150390625	0.24169921875	-10.374045801526718	-7.679389312977099	-0.5343511450381679	0	0	0	0.0	264
2014-03-01_14:22:30_862074	720808.3125	11.8	-103.0	260.0	-177.0	-0.70068359375	0.462158203125	1.73828125	0.9618320610687023	10.923664122137405	0.17557251908396945	0	0	0	0.0	264
2014-03-01_14:22:30_923216	726922.515625	11.9	-44.0	251.0	-248.0	-0.59814453125	-0.435546875	0.644287109375	1.0763358778625953	-1.5038167938931297	-1.2900763358778626	0	0	0	0.0	265
2014-03-01_14:22:30_985056	733106.796875	12.0	50.0	66.0	-160.0	-0.3349609375	0.0849609375	0.8759765625	-10.442748091603054	13.702290076335878	-1.2900763358778626	0	0	0	0.0	265
2014-03-01_14:22:31_046348	739235.703125	12.1	-113.0	140.0	-156.0	-1.150146484375	-0.33154296875	1.29931640625	-2.236641221374046	10.854961832061068	-0.22137404580152673	0	0	0	0.0	265
2014-03-01_14:22:31_107601	745360.515625	12.2	-112.0	301.0	-228.0	-0.505126953125	-0.257080078125	-0.00537109375	-1.6870229007633588	-4.229007633587786	-0.061068702290076333	0	0	0	0.0	266
2014-03-01_14:22:31_168850	751485.421875	12.3	127.0	161.0	-374.0	-0.20849609375	-0.002685546875	0.794921875	-14.877862595419847	-6.374045801526718	-0.6183206106870229	0	0	0	0.0	266
2014-03-01_14:22:31_230088	757609.703125	12.4	97.0	220.0	-128.0	-0.189208984375	0.6337890625	1.563232421875	-11.557251908396946	-2.900763358778626	1.3511450381679388	0	0	0	0.0	267
2014-03-01_14:22:31_291597	763760.203125	12.5	157.0	45.0	-210.0	-0.212646484375	0.373046875	0.80126953125	-9.091603053435115	0.4732824427480916	0.007633587786259542	0	0	0	0.0	267
2014-03-01_14:22:31_352660	769866.703125	12.6	62.0	13.0	-322.0	-0.590576171875	0.7587890625	1.99993896484375	-6.358778625954199	2.5877862595419847	1.618320610687023	0	0	0	0.0	267
2014-03-01_14:22:31_413891	775989.3125	12.7	46.0	70.0	-203.0	-0.204833984375	0.754638671875	1.99993896484375	-2.145038167938931	2.4732824427480917	0.816793893129771	0	0	0	0.0	268
2014-03-01_14:22:31_476846	782286.0	12.8	14.0	93.0	-381.0	-0.595458984375	0.559814453125	1.99993896484375	1.1526717557251909	-1.7099236641221374	0.22137404580152673	0	0	0	0.0	268
2014-03-01_14:22:31_538134	788413.8125	12.9	-12.0	87.0	-90.0	-0.009033203125	-0.326171875	0.07373046875	-9.816793893129772	-9.022900763358779	1.83206106870229	0	0	0	0.0	269
2014-03-01_14:22:31_599531	794553.609375	13.0	147.0	10.0	-430.0	-1.1513671875	-0.00390625	-0.02001953125	0.7557251908396947	4.404580152671755	-0.9007633587786259	0	0	0	0.0	269
2014-03-01_14:22:31_661492	800750.703125	13.1	-97.0	274.0	-176.0	-0.64013671875	0.372314453125	-0.169677734375	6.67175572519084	21.297709923664122	-0.5419847328244275	0	0	0	0.0	269
2014-03-01_14:22:31_722630	806862.703125	13.2	-95.0	138.0	-2.0	-0.518310546875	-0.232421875	0.91943359375	2.3053435114503817	21.3206106870229	1.3740458015267176	0	0	0	0.0	270
2014-03-01_14:22:31_783888	812989.296875	13.3	26.0	251.0	-267.0	-0.63037109375	-0.173095703125	1.281982421875	1.8244274809160306	5.702290076335878	-1.1603053435114503	0	0	0	0.0	270
2014-03-01_14:22:31_845198	819172.109375	13.4	89.0	274.0	-355.0	-0.3525390625	0.032958984375	1.99072265625	0.183206106870229	5.801526717557252	0.5114503816793893	0	0	0	0.0	270
2014-03-01_14:22:31_907311	825332.3125	13.5	95.0	-39.0	-95.0	-0.970703125	-0.40478515625	0.399658203125	-9.793893129770993	4.717557251908397	-1.0305343511450382	0	0	0	0.0	271
2014-03-01_14:22:31_968904	831490.796875	13.6	22.0	313.0	-97.0	-0.416259765625	-0.616943359375	0.3544921875	-6.801526717557252	-2.7786259541984735	0.5114503816793893	0	0	0	0.0	271
2014-03-01_14:22:32_030181	837619.203125	13.7	178.0	67.0	-198.0	-0.170166015625	0.57275390625	1.64404296875	-5.900763358778626	-0.8015267175572519	-0.08396946564885496	0	0	0	0.0	272
2014-03-01_14:22:32_091723	843774.90625	13.8	5.0	259.0	-413.0	-0.946044921875	-0.094970703125	0.38427734375	1.916030534351145	5.091603053435114	-2.1908396946564888	0	0	0	0.0	272
2014-03-01_14:22:32_152952	849895.8125	13.9	73.0	100.0	-97.0	-0.34130859375	-0.15185546875	1.85791015625	-10.755725190839694	0.05343511450381679	1.0076335877862594	0	0	0	0.0	272
2014-03-01_14:22:32_214326	856033.203125	14.0	94.0	183.0	-309.0	-0.408935546875	-0.309814453125	1.40673828125	-7.534351145038168	3.50381679389313	-1.6641221374045803	0	0	0	0.0	273
2014-03-01_14:22:32_275627	862163.796875	14.1	1.0	311.0	-146.0	-0.510986328125	0.02197265625	1.216552734375	-9.702290076335878	-7.3816793893129775	-0.8396946564885496	0	0	0	0.0	273
2014-03-01_14:22:32_336811	868285.203125	14.2	-5.0	169.0	6.0	-0.0185546875	0.8720703125	1.439208984375	-10.221374045801527	-16.442748091603054	0.15267175572519084	0	0	0	0.0	273
2014-03-01_14:22:32_398130	874413.609375	14.3	66.0	214.0	-42.0	-0.826904296875	0.49072265625	0.599853515625	6.595419847328245	-1.8473282442748091	1.6106870229007633	0	0	0	0.0	274
2014-03-01_14:22:32_459389	880540.109375	14.4	77.0	332.0	-340.0	-0.082275390625	0.910888671875	1.99993896484375	10.595419847328245	-6.465648854961832	-0.07633587786259542	0	0	0	0.0	274
2014-03-01_14:22:32_520945	886694.90625	14.5	52.0	257.0	-247.0	-0.5625	1.03857421875	1.582275390625	-7.908396946564886	-2.1526717557251906	1.8396946564885497	0	0	0	0.0	275
2014-03-01_14:22:32_582077	892808.3125	14.6	6.0	155.0	-407.0	-0.3828125	0.470703125	1.49560546875	0.030534351145038167	3.717557251908397	-0.11450381679389313	0	0	0	0.0	275
2014-03-01_14:22:32_643379	898938.703125	14.7	-28.0	159.0	-161.0	-0.617431640625	0.437255859375	1.353515625	-0.07633587786259542	8.389312977099237	-0.04580152671755725	0	0	0	0.0	275
2014-03-01_14:22:32_704759	905075.71875	14.8	101.0	65.0	-276.0	-0.232666015625	-0.80078125	0.60400390625	-13.282442748091603	1.7938931297709924	-0.48091603053435117	0	0	0	0.0	276
2014-03-01_14:22:32_766094	911210.109375	14.9	6.0	202.0	-468.0	-0.689453125	-0.25439453125	0.810791015625	6.587786259541985	9.473282442748092	-1.8473282442748091	0	0	0	0.0	276
2014-03-01_14:22:32_827723	917372.796875	15.0	133.0	81.0	-354.0	-0.6435546875	0.48876953125	0.767578125	6.022900763358779	2.7480916030534353	-2.1297709923664123	0	0	0	0.0	276
2014-03-01_14:22:32_888943	923495.40625	15.1	93.0	241.0	-194.0	-0.7822265625	0.193359375	0.45654296875	-7.190839694656488	4.0534351145038165	-0.366412213740458	0	0	0	0.0	277
2014-03-01_14:22:32_950214	929622.59375	15.2	94.0	25.0	-82.0	-0.9296875	-0.0166015625	1.08154296875	8.931297709923664	11.458015267175572	1.7404580152671756	0	0	0	0.0	277
2014-03-01_14:22:33_011511	935751.703125	15.3	-23.0	211.0	-89.0	-0.7734375	0.28515625	0.43603515625	6.549618320610687	2.885496183206107	-0.7022900763358778	0	0	0	0.0	278
2014-03-01_14:22:33_073326	941933.703125	15.4	-77.0	134.0	-60.0	-0.567626953125	0.803466796875	0.87060546875	-16.091603053435115	-1.0610687022900764	-1.3358778625954197	0	0	0	0.0	278
2014-03-01_14:22:33_134898	948090.3125	15.5	101.0	41.0	-201.0	-0.313720703125	-0.302001953125	-0.954833984375	-6.870229007633588	-17.83206106870229	0.21374045801526717	0	0	0	0.0	278
2014-03-01_14:22:33_196179	954218.6875	15.6	-58.0	-16.0	-238.0	-0.365966796875	-0.171142578125	-0.347900390625	5.717557251908397	-0.6946564885496184	0.022900763358778626	0	0	0	0.0	279
2014-03-01_14:22:33_257774	960378.3125	15.7	309.0	-70.0	-482.0	-0.5517578125	-0.039794921875	1.331298828125	14.885496183206106	-1.0	2.4198473282442747	0	0	0	0.0	279
2014-03-01_14:22:33_318960	966496.296875	15.8	-59.0	396.0	-115.0	-0.5087890625	0.421630859375	1.8544921875	-13.603053435114504	-2.7022900763358777	2.801526717557252	0	0	0	0.0	280
2014-03-01_14:22:33_380388	972639.203125	15.9	22.0	40.0	-50.0	-0.07177734375	-0.0234375	1.518310546875	-18.641221374045802	-10.045801526717558	-0.12213740458015267	0	0	0	0.0	280
2014-03-01_14:22:33_442305	978831.71875	16.0	166.0	115.0	-361.0	-0.455078125	0.531494140625	1.798095703125	-2.030534351145038	-7.061068702290076	-1.2061068702290076	0	0	0	0.0	280
2014-03-01_14:22:33_503557	984963.921875	16.1	-15.0	282.0	-56.0	-0.7646484375	1.19970703125	1.997802734375	-13.312977099236642	1.3740458015267176	-1.465648854961832	0	0	0	0.0	281
2014-03-01_14:22:33_564859	991086.90625	16.2	108.0	-10.0	-269.0	-0.598876953125	0.753662109375	1.67431640625	2.3893129770992365	0.6717557251908397	1.1374045801526718	0	0	0	0.0	281
2014-03-01_14:22:33_626272	997227.21875	16.3	66.0	188.0	18.0	-0.863525390625	0.957275390625	1.989990234375	-16.541984732824428	4.305343511450381	-1.5038167938931297	0	0	0	0.0	281
2014-03-01_14:22:33_687473	1003347.890625	16.4	94.0	80.0	-445.0	-0.408447265625	0.281005859375	1.2060546875	7.251908396946565	2.9083969465648853	0.7480916030534351	0	0	0	0.0	282
2014-03-01_14:22:33_749539	1009555.3125	16.5	79.0	178.0	-99.0	-0.44189453125	-0.497802734375	1.917724609375	1.9465648854961832	3.4122137404580153	1.1908396946564885	0	0	0	0.0	282
2014-03-01_14:22:33_810820	1015682.5	16.6	-46.0	-43.0	-434.0	-0.282958984375	0.748291015625	0.254638671875	10.870229007633588	18.389312977099237	2.0916030534351147	0	0	0	0.0	283
2014-03-01_14:22:33_872081	1021808.5	16.7	179.0	112.0	-126.0	-0.263916015625	-0.069091796875	-2.0	3.0076335877862594	36.76335877862596	-3.6259541984732824	0	0	0	0.0	283
2014-03-01_14:22:33_933472	1027948.3125	16.8	-79.0	80.0	-398.0	-0.580810546875	-0.601806640625	0.866455078125	-24.412213740458014	5.893129770992366	2.618320610687023	0	0	0	0.0	283
2014-03-01_14:22:33_994886	1034095.40625	16.9	-69.0	286.0	-186.0	-0.38232421875	0.4990234375	0.9794921875	11.083969465648854	15.80916030534351	-2.5267175572519083	0	0	0	0.0	284
2014-03-01_14:22:34_056542	1040258.3125	17.0	126.0	107.0	-217.0	-0.57421875	-0.168212890625	1.0341796875	0.0	15.17557251908397	-3.6717557251908395	0	0	0	0.0	284
2014-03-01_14:22:34_117802	1046381.296875	17.1	34.0	-14.0	-107.0	-0.558837890625	-0.108642578125	0.973876953125	-5.564885496183206	3.8625954198473282	-2.3282442748091605	0	0	0	0.0	284
2014-03-01_14:22:34_179066	1052507.515625	17.2	15.0	69.0	-302.0	-0.460205078125	0.65771484375	1.36669921875	4.549618320610687	1.7328244274809161	0.8244274809160306	0	0	0	0.0	285
2014-03-01_14:22:34_240300	1058638.71875	17.3	50.0	63.0	-286.0	-0.697998046875	-0.275146484375	0.554931640625	3.9389312977099236	7.923664122137405	-0.4198473282442748	0	0	0	0.0	285
2014-03-01_14:22:34_301983	1064798.8125	17.4	47.0	217.0	-106.0	-0.322509765625	0.129150390625	1.66650390625	-15.374045801526718	-8.65648854961832	-0.732824427480916	0	0	0	0.0	286
2014-03-01_14:22:34_363847	1070985.90625	17.5	120.0	120.0	-193.0	-0.26708984375	0.05517578125	1.3271484375	17.068702290076335	7.908396946564886	3.8396946564885495	0	0	0	0.0	286
2014-03-01_14:22:34_425088	1077109.71875	17.6	1.0	166.0	-512.0	-0.26123046875	-0.789794921875	-1.46240234375	-3.045801526717557	-34.43511450381679	-0.16030534351145037	0	0	0	0.0	286
2014-03-01_14:22:34_487476	1083379.09375	17.7	-35.0	155.0	-323.0	-0.708251953125	0.2216796875	0.53515625	-18.541984732824428	1.7557251908396947	1.2595419847328244	0	0	0	0.0	287
2014-03-01_14:22:34_548987	1089499.703125	17.8	36.0	8.0	-265.0	-0.391845703125	0.434814453125	1.25244140625	-9.236641221374045	-13.511450381679388	1.1755725190839694	0	0	0	0.0	287
2014-03-01_14:22:34_610422	1095642.515625	17.9	100.0	37.0	-325.0	-0.177001953125	0.032470703125	0.6474609375	19.916030534351144	-19.458015267175572	-0.9847328244274809	0	0	0	0.0	288
2014-03-01_14:22:34_671932	1101793.59375	18.0	-43.0	138.0	-295.0	-0.32421875	0.149169921875	1.690185546875	-18.366412213740457	-30.16793893129771	-1.1145038167938932	0	0	0	0.0	288
2014-03-01_14:22:34_733263	1107927.015625	18.1	23.0	-90.0	-257.0	-0.242431640625	0.066162109375	1.1005859375	-19.80916030534351	-29.38167938931298	1.6259541984732824	0	0	0	0.0	288
2014-03-01_14:22:34_794523	1114053.015625	18.2	9.0	-1.0	-170.0	-0.350341796875	-0.13232421875	1.407958984375	-9.778625954198473	-22.862595419847327	3.6793893129770994	0	0	0	0.0	289
2014-03-01_14:22:34_855826	1120240.796875	18.3	5.0	86.0	78.0	-0.677978515625	-1.216796875	1.197998046875	-2.213740458015267	-25.96946564885496	2.4427480916030535	0	0	0	0.0	289
2014-03-01_14:22:34_917617	1126407.8125	18.4	86.0	26.0	-199.0	0.102783203125	0.82666015625	0.05712890625	18.16030534351145	-24.740458015267176	-2.068702290076336	0	0	0	0.0	289
2014-03-01_14:22:34_979825	1132583.90625	18.5	14.0	-28.0	-257.0	0.10595703125	0.74072265625	1.71868896484375	-6.603053435114504	-31.427480916030536	3.885496183206107	0	0	0	0.0	290
2014-03-01_14:22:35_041082	1138709.109375	18.6	-120.0	-10.0	-134.0	-0.44384765625	-1.239990234375	1.3564453125	-11.763358778625955	-41.79389312977099	-0.04580152671755725	0	0	0	0.0	290
2014-03-01_14:22:35_102311	1144831.609375	18.7	31.0	-120.0	14.0	-0.1142578125	0.7490234375	-1.625	-12.335877862595419	14.50381679389313	5.916030534351145	0	0	0	0.0	291
2014-03-01_14:22:35_163595	1150968.0	18.8	27.0	-122.0	-2.0	-0.29736328125	-0.01025390625	1.329833984375	-6.175572519083969	-38.10687022900763	-0.5267175572519084	0	0	0	0.0	291
2014-03-01_14:22:35_225015	1157102.296875	18.9	119.0	-22.0	-348.0	-0.152099609375	-1.17236328125	-0.013916015625	13.473282442748092	-22.099236641221374	1.2748091603053435	0	0	0	0.0	291
2014-03-01_14:22:35_286428	1163243.8125	19.0	21.0	18.0	-327.0	0.258056640625	1.101806640625	-1.625	26.129770992366414	-10.404580152671755	1.450381679389313	0	0	0	0.0	292
2014-03-01_14:22:35_348119	1169412.796875	19.1	-149.0	101.0	-508.0	-0.00146484375	0.712646484375	1.99993896484375	-18.64885496183206	-8.396946564885496	4.259541984732825	0	0	0	0.0	292
2014-03-01_14:22:35_409290	1175530.09375	19.2	150.0	-81.0	-403.0	0.21044921875	0.482666015625	1.99993896484375	-12.740458015267176	-33.31297709923664	0.8854961832061069	0	0	0	0.0	292
2014-03-01_14:22:35_470562	1181657.40625	19.3	157.0	32.0	-69.0	-0.241455078125	-1.2705078125	-2.0	0.2900763358778626	-36.93129770992366	3.33587786259542	0	0	0	0.0	293
2014-03-01_14:22:35_531867	1187786.5	19.4	-12.0	81.0	130.0	-0.471923828125	0.113037109375	-0.637451171875	-9.083969465648854	-11.465648854961833	1.5572519083969465	0	0	0	0.0	293
2014-03-01_14:22:35_593534	1193961.625	19.5	24.0	62.0	247.0	0.65478515625	-0.001220703125	1.363525390625	-21.984732824427482	-19.931297709923665	0.3511450381679389	0	0	0	0.0	294
2014-03-01_14:22:35_654885	1200088.8125	19.6	42.0	-91.0	63.0	0.340087890625	-0.03173828125	1.99993896484375	6.900763358778626	-35.2442748091603	1.5954198473282444	0	0	0	0.0	294
2014-03-01_14:22:35_716141	1206215.21875	19.7	-6.0	-84.0	-357.0	0.093505859375	-0.121337890625	-0.9873046875	27.69465648854962	-25.99236641221374	0.3282442748091603	0	0	0	0.0	294
2014-03-01_14:22:35_777405	1212373.796875	19.8	87.0	-82.0	-393.0	0.2509765625	0.20556640625	-1.37548828125	2.8244274809160306	-7.595419847328245	-0.2748091603053435	0	0	0	0.0	295
2014-03-01_14:22:35_838987	1218531.296875	19.9	79.0	58.0	-123.0	0.17626953125	0.15380859375	1.630126953125	9.083969465648854	-1.9923664122137406	0.5725190839694656	0	0	0	0.0	295
2014-03-01_14:22:35_900772	1224678.203125	20.0	40.0	-147.0	-410.0	0.385986328125	0.425048828125	1.544921875	4.6106870229007635	-9.595419847328245	3.4198473282442747	0	0	0	0.0	296
2014-03-01_14:22:35_962014	1230802.296875	20.1	70.0	-6.0	-121.0	0.411376953125	0.345703125	1.636962890625	7.137404580152672	-11.221374045801527	0.40458015267175573	0	0	0	0.0	296
2014-03-01_14:22:36_023704	1236977.8125	20.2	100.0	-78.0	-163.0	0.338134765625	-0.09423828125	0.3505859375	10.244274809160306	-15.198473282442748	0.2366412213740458	0	0	0	0.0	296
2014-03-01_14:22:36_084850	1243120.5	20.3	30.0	-84.0	-361.0	0.15966796875	-0.09130859375	0.215576171875	8.931297709923664	-16.549618320610687	-1.6870229007633588	0	0	0	0.0	297
2014-03-01_14:22:36_146753	1249276.609375	20.4	36.0	-160.0	-138.0	0.409423828125	0.003662109375	1.170654296875	-6.870229007633588	-20.16030534351145	-0.4122137404580153	0	0	0	0.0	297
2014-03-01_14:22:36_208435	1255451.40625	20.5	69.0	89.0	-106.0	0.482421875	0.359375	0.71484375	-13.877862595419847	-15.885496183206106	0.8015267175572519	0	0	0	0.0	297
2014-03-01_14:22:36_269732	1261574.0	20.6	42.0	-111.0	-512.0	0.29638671875	0.033203125	0.196533203125	-2.6106870229007635	-18.51145038167939	2.381679389312977	0	0	0	0.0	298
2014-03-01_14:22:36_331343	1267734.8125	20.7	94.0	-180.0	-356.0	0.40673828125	-0.0947265625	1.462158203125	-12.511450381679388	-37.7557251908397	4.00763358778626	0	0	0	0.0	298
2014-03-01_14:22:36_393121	1273913.0	20.8	76.0	-15.0	-92.0	0.461669921875	0.67431640625	1.2294921875	0.7480916030534351	-25.17557251908397	3.0	0	0	0	0.0	299
2014-03-01_14:22:36_455032	1280104.203125	20.9	59.0	-69.0	-371.0	0.46923828125	0.08837890625	-0.75390625	-3.6259541984732824	-40.69465648854962	1.5877862595419847	0	0	0	0.0	299
2014-03-01_14:22:36_516704	1286322.203125	21.0	7.0	-109.0	-512.0	0.705078125	0.4560546875	1.99993896484375	9.65648854961832	-49.68702290076336	5.0	0	0	0	0.0	299
2014-03-01_14:22:36_578715	1292473.09375	21.1	61.0	-155.0	-172.0	0.5361328125	0.286865234375	-1.09033203125	-6.625954198473282	-51.587786259541986	4.251908396946565	0	0	0	0.0	300
2014-03-01_14:22:36_640242	1298624.421875	21.2	11.0	-182.0	-425.0	0.777099609375	0.220703125	-1.280517578125	-15.374045801526718	15.511450381679388	4.549618320610687	0	0	0	0.0	300
2014-03-01_14:22:36_701542	1304762.8125	21.3	-93.0	-251.0	-307.0	0.84130859375	0.10205078125	1.18743896484375	-9.282442748091603	22.51145038167939	-9.282442748091603	0	0	0	0.0	300
2014-03-01_14:22:36_763012	1310901.90625	21.4	49.0	-129.0	-81.0	0.915283203125	0.50048828125	1.13818359375	9.267175572519085	3.9923664122137406	-4.763358778625954	0	0	0	0.0	301
2014-03-01_14:22:36_824329	1317032.90625	21.5	105.0	-128.0	-512.0	0.69677734375	-0.284912109375	-0.7109375	-13.106870229007633	-6.450381679389313	5.076335877862595	0	0	0	0.0	301
2014-03-01_14:22:36_885695	1323170.609375	21.6	29.0	-85.0	-421.0	0.450927734375	-0.294921875	0.352294921875	-7.473282442748092	-10.404580152671755	-0.6412213740458015	0	0	0	0.0	302
2014-03-01_14:22:36_947016	1329302.125	21.7	93.0	-110.0	-429.0	0.547607421875	0.266357421875	0.6689453125	-1.0458015267175573	18.435114503816795	1.251908396946565	0	0	0	0.0	302
2014-03-01_14:22:37_008245	1335425.296875	21.8	36.0	-108.0	-103.0	0.332763671875	-0.126953125	0.7705078125	-1.9236641221374047	6.763358778625954	-3.732824427480916	0	0	0	0.0	302
2014-03-01_14:22:37_069556	1341556.90625	21.9	17.0	-137.0	-47.0	0.620849609375	-0.26806640625	1.3671875	-8.923664122137405	-5.412213740458015	-1.251908396946565	0	0	0	0.0	303
2014-03-01_14:22:37_131058	1347706.5	22.0	12.0	-104.0	-64.0	0.468505859375	-0.21435546875	0.06640625	-5.0	7.847328244274809	0.6793893129770993	0	0	0	0.0	303
2014-03-01_14:22:37_192818	1353885.40625	22.0	67.0	-45.0	-67.0	0.654052734375	0.296630859375	1.2978515625	1.6717557251908397	7.740458015267175	-0.3893129770992366	0	0	0	0.0	303
2014-03-01_14:22:37_254114	1360012.1875	22.0	23.0	-111.0	22.0	0.637451171875	0.04736328125	1.99993896484375	-0.45038167938931295	0.7404580152671756	-1.0916030534351144	0	0	0	0.0	303
2014-03-01_14:22:37_315428	1366143.609375	22.0	12.0	-190.0	33.0	0.71875	0.256103515625	-0.601806640625	-11.969465648854962	4.4961832061068705	1.6412213740458015	0	0	0	0.0	303
2014-03-01_14:22:37_376864	1372290.421875	22.0	30.0	-102.0	-77.0	0.79541015625	0.538818359375	1.33203125	3.6259541984732824	3.9160305343511452	-2.564885496183206	0	0	0	0.0	303
2014-03-01_14:22:37_438860	1378485.921875	22.0	-30.0	-243.0	-4.0	0.722900390625	0.586669921875	1.424560546875	5.694656488549619	3.5877862595419847	-0.9465648854961832	0	0	0	0.0	303
2014-03-01_14:22:37_500687	1384672.40625	22.0	57.0	-209.0	-21.0	0.50537109375	-0.37841796875	1.0478515625	-10.854961832061068	7.244274809160306	-0.2900763358778626	0	0	0	0.0	303
2014-03-01_14:22:37_562000	1390800.71875	22.0	167.0	-123.0	-282.0	0.727783203125	0.328125	0.545166015625	-6.66412213740458	6.587786259541985	-1.83206106870229	0	0	0	0.0	303
2014-03-01_14:22:37_623318	1396931.5	22.0	38.0	-107.0	-297.0	0.79150390625	0.380126953125	1.99993896484375	-15.221374045801527	-8.129770992366412	1.381679389312977	0	0	0	0.0	303
2014-03-01_14:22:37_684996	1403100.203125	22.0	-5.0	-87.0	-512.0	0.557373046875	-0.036865234375	1.837158203125	-14.061068702290076	-4.900763358778626	1.618320610687023	0	0	0	0.0	303
2014-03-01_14:22:37_746625	1409262.921875	22.0	108.0	-71.0	-512.0	0.62109375	0.526611328125	0.037353515625	-4.755725190839694	11.48091603053435	-1.381679389312977	0	0	0	0.0	303
2014-03-01_14:22:37_807904	1415390.515625	22.0	50.0	-55.0	-502.0	0.510986328125	0.45849609375	1.9892578125	-4.908396946564886	-1.1908396946564885	-2.9083969465648853	0	0	0	0.0	303
2014-03-01_14:22:37_869219	1421522.203125	22.0	118.0	-40.0	-512.0	0.35498046875	0.4384765625	-0.42193603515625	-14.854961832061068	-2.6106870229007635	0.6793893129770993	0	0	0	0.0	303
2014-03-01_14:22:37_930821	1427682.515625	22.0	17.0	-94.0	-250.0	0.771484375	-0.3515625	1.00439453125	-0.20610687022900764	5.5038167938931295	-1.282442748091603	0	0	0	0.0	303
2014-03-01_14:22:37_992204	1433821.0	22.0	58.0	-85.0	-178.0	0.489501953125	-0.25146484375	1.99365234375	-8.221374045801527	-5.480916030534351	-1.099236641221374	0	0	0	0.0	303
2014-03-01_14:22:38_053753	1440015.59375	22.0	107.0	-162.0	-31.0	0.406005859375	-0.42529296875	1.95068359375	-12.83969465648855	-3.3282442748091605	0.1297709923664122	0	0	0	0.0	303
2014-03-01_14:22:38_115442	1446144.5	22.0	94.0	-16.0	10.0	0.400390625	0.150634765625	0.9404296875	-1.5954198473282444	6.557251908396947	-0.20610687022900764	0	0	0	0.0	303
2014-03-01_14:22:38_176741	1452282.3125	22.0	2.0	-142.0	80.0	0.660400390625	-0.19482421875	-0.791015625	0.46564885496183206	-1.7328244274809161	0.816793893129771	0	0	0	0.0	303
2014-03-01_14:22:38_238060	1458407.296875	22.0	-39.0	-92.0	-107.0	0.336181640625	-0.13818359375	1.99993896484375	-0.061068702290076333	4.5038167938931295	-2.4580152671755724	0	0	0	0.0	303
2014-03-01_14:22:38_299371	1464537.21875	22.0	25.0	-146.0	-144.0	0.166259765625	-0.434814453125	-1.143798828125	2.4427480916030535	5.564885496183206	-2.66412213740458	0	0	0	0.0	303
2014-03-01_14:22:38_360829	1470691.515625	22.0	82.0	-116.0	-270.0	0.40185546875	0.09228515625	-0.8232421875	3.3435114503816794	5.809160305343512	-3.1908396946564888	0	0	0	0.0	303
2014-03-01_14:22:38_422267	1476826.71875	22.0	49.0	-86.0	-495.0	0.421875	0.506591796875	1.997314453125	-1.7786259541984732	6.793893129770993	-0.7557251908396947	0	0	0	0.0	303
2014-03-01_14:22:38_483521	1482959.5	22.0	15.0	-67.0	-432.0	0.306884765625	-0.20556640625	0.282470703125	12.16793893129771	5.6106870229007635	-1.9770992366412214	0	0	0	0.0	303
2014-03-01_14:22:38_544821	1489090.109375	22.0	158.0	-122.0	-512.0	0.484375	-0.114990234375	-0.789306640625	6.1679389312977095	10.618320610687023	0.12213740458015267	0	0	0	0.0	303
2014-03-01_14:22:38_606177	1495217.796875	22.0	8.0	-223.0	-173.0	0.37158203125	0.06494140625	1.50830078125	3.6564885496183206	6.488549618320611	1.0381679389312977	0	0	0	0.0	303
2014-03-01_14:22:38_667452	1501345.296875	22.0	50.0	-30.0	-38.0	0.234375	0.132568359375	1.35498046875	12.86259541984733	5.961832061068702	0.5572519083969466	0	0	0	0.0	303
2014-03-01_14:22:38_728594	1507463.71875	22.0	57.0	-122.0	4.0	0.50244140625	0.20947265625	-0.783447265625	-0.03816793893129771	11.213740458015268	-3.183206106870229	0	0	0	0.0	303
2014-03-01_14:22:38_789933	1513594.0	22.0	-41.0	-174.0	-56.0	0.464111328125	0.24658203125	1.99993896484375	-1.2671755725190839	4.213740458015267	1.366412213740458	0	0	0	0.0	303
2014-03-01_14:22:38_851132	1519713.515625	22.0	9.0	-121.0	94.0	0.199462890625	-0.453857421875	1.83154296875	8.961832061068701	3.8625954198473282	-3.595419847328244	0	0	0	0.0	303
2014-03-01_14:22:38_912389	1525839.109375	22.0	-38.0	-210.0	-15.0	0.56201171875	0.532958984375	-0.02197265625	-0.6641221374045801	9.022900763358779	0.3969465648854962	0	0	0	0.0	303
2014-03-01_14:22:38_973611	1531968.5	22.0	84.0	-187.0	-282.0	0.55419921875	0.66357421875	1.99993896484375	2.4580152671755724	-1.3435114503816794	-0.732824427480916	0	0	0	0.0	303
2014-03-01_14:22:39_035205	1538122.109375	22.0	186.0	-122.0	-435.0	0.37646484375	-0.1845703125	0.9921875	14.83969465648855	9.488549618320612	-2.3587786259541983	0	0	0	0.0	303
2014-03-01_14:22:39_096498	1544249.90625	22.0	28.0	-62.0	-502.0	0.502685546875	0.025390625	-0.34619140625	-6.3816793893129775	9.061068702290076	-0.9312977099236641	0	0	0	0.0	303
2014-03-01_14:22:39_157827	1550383.015625	22.0	80.0	4.0	-512.0	0.475341796875	0.52783203125	1.9609375	-1.0381679389312977	3.427480916030534	-0.9694656488549618	0	0	0	0.0	303
2014-03-01_14:22:39_219171	1556518.3125	22.0	11.0	-147.0	-179.0	0.656494140625	0.243408203125	1.46533203125	3.0916030534351147	1.5954198473282444	1.251908396946565	0	0	0	0.0	303
2014-03-01_14:22:39_281040	1562708.015625	22.0	70.0	-185.0	-106.0	0.485107421875	0.1826171875	0.028076171875	-15.251908396946565	4.778625954198473	-1.816793893129771	0	0	0	0.0	303
2014-03-01_14:22:39_342340	1568833.203125	22.0	21.0	-86.0	-39.0	0.701904296875	0.5908203125	0.558837890625	-1.0458015267175573	4.656488549618321	0.26717557251908397	0	0	0	0.0	303
2014-03-01_14:22:39_403636	1574971.0	22.0	27.0	-120.0	177.0	0.48974609375	0.351318359375	1.991943359375	-7.793893129770993	-3.572519083969466	-1.5877862595419847	0	0	0	0.0	303
2014-03-01_14:22:39_465063	1581110.40625	22.0	66.0	-131.0	-135.0	0.330322265625	-0.399169921875	-0.473876953125	-12.221374045801527	-1.381679389312977	1.1068702290076335	0	0	0	0.0	303
2014-03-01_14:22:39_526423	1587242.40625	22.0	136.0	-232.0	-341.0	0.297607421875	0.291748046875	0.80859375	-2.1755725190839694	10.244274809160306	-2.946564885496183	0	0	0	0.0	303
2014-03-01_14:22:39_587718	1593372.3125	22.0	21.0	-67.0	-438.0	0.53369140625	0.3935546875	0.041015625	-11.86259541984733	-8.511450381679388	-2.2061068702290076	0	0	0	0.0	303
2014-03-01_14:22:39_649284	1599529.0	22.0	34.0	-119.0	-512.0	0.447509765625	0.45166015625	1.51123046875	-10.381679389312977	-2.3969465648854964	-0.2824427480916031	0	0	0	0.0	303
2014-03-01_14:22:39_710539	1605653.71875	22.0	-27.0	-122.0	-169.0	0.38671875	-0.2578125	-0.600341796875	-4.809160305343512	8.51908396946565	-1.5725190839694656	0	0	0	0.0	303
2014-03-01_14:22:39_771835	1611783.8125	22.0	76.0	-132.0	-185.0	0.525390625	0.095947265625	1.997314453125	-9.083969465648854	-2.816793893129771	-1.465648854961832	0	0	0	0.0	303
2014-03-01_14:22:39_833182	1617919.515625	22.0	2.0	-151.0	-11.0	0.51806640625	-0.701416015625	1.990966796875	-11.17557251908397	-7.0	-1.6717557251908397	0	0	0	0.0	303
2014-03-01_14:22:39_895481	1624148.40625	22.0	83.0	-103.0	-5.0	0.7060546875	0.42822265625	1.970703125	8.961832061068701	2.8702290076335877	-0.6335877862595419	0	0	0	0.0	303
2014-03-01_14:22:39_956791	1630279.296875	22.0	-33.0	-162.0	230.0	0.4599609375	0.34228515625	-0.75006103515625	-17.129770992366414	1.6259541984732824	0.8320610687022901	0	0	0	0.0	303
2014-03-01_14:22:40_018083	1636409.015625	22.0	51.0	-175.0	-183.0	0.69873046875	0.657958984375	-0.3056640625	-4.030534351145038	8.312977099236642	-1.465648854961832	0	0	0	0.0	303
2014-03-01_14:22:40_079574	1642557.90625	22.0	45.0	-123.0	-274.0	0.526123046875	-0.1572265625	1.9951171875	-13.427480916030534	-5.572519083969466	-0.6946564885496184	0	0	0	0.0	303
2014-03-01_14:22:40_140874	1648688.09375	22.0	37.0	-86.0	-512.0	0.446044921875	-0.4052734375	-1.43756103515625	-30.221374045801525	-7.00763358778626	1.5419847328244274	0	0	0	0.0	303
2014-03-01_14:22:40_202623	1654866.59375	22.0	56.0	-13.0	-512.0	-0.16015625	-0.640380859375	1.10986328125	-7.8396946564885495	11.374045801526718	-2.114503816793893	0	0	0	0.0	303
2014-03-01_14:22:40_263956	1660995.8125	22.0	65.0	-82.0	-335.0	0.516845703125	0.586669921875	-0.933837890625	4.244274809160306	-8.335877862595419	-4.709923664122138	0	0	0	0.0	303
2014-03-01_14:22:40_325108	1667111.015625	22.0	64.0	-114.0	-102.0	0.68017578125	0.643798828125	1.99993896484375	-0.7022900763358778	-3.213740458015267	0.6564885496183206	0	0	0	0.0	303
2014-03-01_14:22:40_386433	1673243.90625	22.0	-24.0	-130.0	169.0	0.6611328125	0.1474609375	-0.414306640625	2.7480916030534353	11.053435114503817	-0.3282442748091603	0	0	0	0.0	303
2014-03-01_14:22:40_447826	1679382.796875	22.0	1.0	-129.0	-45.0	0.673095703125	0.265625	-0.252197265625	-1.5114503816793894	6.3893129770992365	-0.8549618320610687	0	0	0	0.0	303
2014-03-01_14:22:40_509805	1685580.203125	22.0	176.0	-137.0	-356.0	0.854248046875	0.1787109375	0.310791015625	0.8396946564885496	5.0	1.6870229007633588	0	0	0	0.0	303
2014-03-01_14:22:40_571094	1691761.015625	22.0	81.0	-60.0	-512.0	0.703369140625	0.288330078125	1.99993896484375	-11.213740458015268	-6.648854961832061	-3.66412213740458	0	0	0	0.0	303
2014-03-01_14:22:40_632854	1697892.90625	22.0	174.0	-135.0	-512.0	0.5048828125	0.046630859375	0.453857421875	-10.473282442748092	-3.3053435114503817	0.24427480916030533	0	0	0	0.0	303
2014-03-01_14:22:40_694147	1704014.203125	22.0	93.0	-51.0	14.0	0.33642578125	0.402099609375	0.76556396484375	-3.4885496183206106	5.6183206106870225	-0.17557251908396945	0	0	0	0.0	303
2014-03-01_14:22:40_755457	1710146.109375	22.0	29.0	-54.0	42.0	0.424560546875	0.05029296875	-1.358154296875	5.099236641221374	7.786259541984733	-0.5343511450381679	0	0	0	0.0	303
2014-03-01_14:22:40_817151	1716319.421875	22.0	-32.0	-123.0	-50.0	0.737548828125	0.60693359375	1.991943359375	1.8549618320610688	3.618320610687023	-0.0916030534351145	0	0	0	0.0	303
2014-03-01_14:22:40_878474	1722447.109375	22.0	62.0	-66.0	-349.0	0.699462890625	0.3388671875	-1.347900390625	2.198473282442748	2.404580152671756	-0.7709923664122137	0	0	0	0.0	303
2014-03-01_14:22:40_940083	1728608.515625	22.0	59.0	-67.0	-512.0	0.3759765625	0.0341796875	1.99993896484375	-0.32061068702290074	1.9541984732824427	0.16030534351145037	0	0	0	0.0	303
2014-03-01_14:22:41_001325	1734733.0	22.0	74.0	-164.0	-173.0	0.323974609375	-0.462890625	0.166748046875	5.290076335877862	6.259541984732825	-1.984732824427481	0	0	0	0.0	303
2014-03-01_14:22:41_062623	1740862.109375	22.0	94.0	-95.0	-27.0	0.58251953125	0.200927734375	-0.415283203125	-5.480916030534351	-5.206106870229007	-0.7786259541984732	0	0	0	0.0	303
2014-03-01_14:22:41_124508	1747051.0	22.0	98.0	-38.0	-6.0	0.57275390625	0.47802734375	1.298583984375	-5.641221374045801	1.549618320610687	-0.5114503816793893	0	0	0	0.0	303
2014-03-01_14:22:41_185778	1753178.21875	22.0	8.0	-120.0	15.0	0.33837890625	0.352294921875	1.9853515625	10.473282442748092	2.0	0.5725190839694656	0	0	0	0.0	303
2014-03-01_14:22:41_247069	1759305.71875	22.0	60.0	-186.0	-129.0	0.541015625	0.419921875	-0.30322265625	-10.351145038167939	5.938931297709924	-1.5725190839694656	0	0	0	0.0	303
2014-03-01_14:22:41_308322	1765431.90625	22.0	118.0	-176.0	-400.0	0.62353515625	0.68212890625	1.728759765625	-1.1908396946564885	7.221374045801527	0.2366412213740458	0	0	0	0.0	303
2014-03-01_14:22:41_369836	1771584.3125	22.0	184.0	-168.0	-468.0	0.379638671875	-0.35302734375	1.99993896484375	11.679389312977099	0.24427480916030533	0.21374045801526717	0	0	0	0.0	303
2014-03-01_14:22:41_431337	1777733.609375	22.0	48.0	-62.0	-415.0	0.3984375	0.390380859375	0.43505859375	-5.122137404580153	5.694656488549619	-0.11450381679389313	0	0	0	0.0	303
2014-03-01_14:22:41_493070	1783907.09375	22.0	115.0	-27.0	-252.0	0.70263671875	0.242431640625	1.10693359375	1.5572519083969465	4.061068702290076	-0.8320610687022901	0	0	0	0.0	303
2014-03-01_14:22:41_554689	1790100.09375	22.0	23.0	-124.0	-236.0	0.818603515625	0.560546875	-0.396484375	-16.083969465648856	-1.0687022900763359	0.0916030534351145	0	0	0	0.0	303
2014-03-01_14:22:41_616319	1796231.703125	22.0	70.0	-266.0	-301.0	0.408447265625	-0.22900390625	1.99993896484375	-10.114503816793894	-5.076335877862595	0.6717557251908397	0	0	0	0.0	303
2014-03-01_14:22:41_677728	1802372.71875	22.0	97.0	-116.0	-34.0	0.5751953125	0.33349609375	-0.384521484375	-3.877862595419847	13.465648854961833	-3.7099236641221376	0	0	0	0.0	303
2014-03-01_14:22:41_739426	1808543.015625	22.0	106.0	-142.0	-22.0	0.58154296875	0.501953125	1.99993896484375	-11.977099236641221	-8.053435114503817	-3.572519083969466	0	0	0	0.0	303
2014-03-01_14:22:41_800673	1814667.203125	22.0	-2.0	-129.0	-7.0	0.4482421875	0.451171875	1.78118896484375	-13.48091603053435	-6.442748091603053	0.9694656488549618	0	0	0	0.0	303
2014-03-01_14:22:41_862289	1820828.40625	22.0	68.0	-58.0	2.0	0.255126953125	-0.585205078125	0.427001953125	5.633587786259542	9.0	-0.9236641221374046	0	0	0	0.0	303
2014-03-01_14:22:41_923410	1826940.515625	22.0	2.0	-169.0	202.0	0.4814453125	0.01318359375	1.99267578125	8.534351145038167	-9.007633587786259	-2.3893129770992365	0	0	0	0.0	303
2014-03-01_14:22:41_984850	1833085.109375	22.0	171.0	-170.0	-244.0	0.423828125	0.232177734375	1.64111328125	-3.5877862595419847	-1.717557251908397	-1.748091603053435	0	0	0	0.0	303
2014-03-01_14:22:42_046871	1839286.890625	22.0	161.0	-195.0	-407.0	0.348876953125	-0.1669921875	1.96868896484375	12.961832061068701	2.0916030534351147	-1.0534351145038168	0	0	0	0.0	303
2014-03-01_14:22:42_108154	1845415.515625	22.0	69.0	-152.0	-376.0	0.61279296875	0.09130859375	-0.597412109375	1.8854961832061068	9.80916030534351	-0.24427480916030533	0	0	0	0.0	303
