datetime	reltime	adxlx	adxly	adxlz	gyrox	gyroy	gyroz	mpu_accelx	mpu_accely	mpu_accelz	distance	atan	angle	error	integral	derivative	Kp	Ki	Kd	pid_output	target_angleRate2	error2	integral2	derivative2	Kp2	Ki2	Kd2	pid_output2	pitch_offset_force	pitch_offset	dt	m1_pos	m2_pos	m1_percent	m2_percent	Motor0	Motor1
2014-04-20_17:39:30_709969	1041871.0	189.0	-15.0	-206.0	-3.249809160305345	-35.530534351145036	1.365648854961832	0.6126171874999999	0.5446875	-0.9794921875	0.0	0.0	0	0	0	0	0.5	0	0.0	0	0	0	0	0	0.0005	0	0.0	0	0	0	0	242	241	0.06	0.056999999999999995
2014-04-20_17:39:30_751573	1083120.0	73.0	100.0	-285.0	2.055534351145037	-34.19465648854962	0.5793893129770992	0.8377148437499999	-0.3351953125	-0.62158203125	0.0	-14.37	-1.343171634618823	1.343171634618823	59.9177192153117	-34.19465648854962	0.5	0	0.0	0.6715858173094115	0.6715858173094115	34.86624230585903	1555.3527655967423	34.86624230585903	0.0005	0	0.0	0.017433121152929516	0.017433121152929516	0.017433121152929516	44.609130859375	242	241	0.0601743312115293	0.0567995191067413
2014-04-20_17:39:30_801377	1133125.0	157.0	-36.0	-234.0	-2.2116412213740473	-43.80534351145038	2.6709923664122135	0.6148144531249999	-0.536611328125	-0.7802734375	0.0	-33.86	0.15347427888091025	-0.15347427888091025	52.24201939802872	-43.80534351145038	0.5	0	0.0	-0.07673713944045513	-0.07673713944045513	43.72860637200993	3742.348908449611	8.862364066150896	0.0005	0	0.0	0.021864303186004963	0.021864303186004963	0.021864303186004963	50.012939453125	242	241	0.06021864303186005	0.05674856051336094
2014-04-20_17:39:30_851218	1182730.0	124.0	-38.0	-252.0	0.047900763358777354	-47.17175572519084	-1.8251908396946566	0.37970703125	-0.713369140625	-0.59423828125	0.0	-26.2	1.9331977265705498	-1.9331977265705498	-44.22624625740609	-47.17175572519084	0.5	0	0.0	-0.9665988632852749	-0.9665988632852749	46.205156861905564	6048.026845859847	2.4765504898956365	0.0005	0	0.0	0.023102578430952782	0.023102578430952782	0.023102578430952782	49.90087890625	242	241	0.06023102578430953	0.05673432034804404
2014-04-20_17:39:30_901361	1233095.0	93.0	-38.0	-249.0	-2.4330152671755743	-50.156488549618324	2.098473282442748	-0.0013964843750000067	-0.4396875	-1.075927734375	0.0	-20.48	3.943584420698689	-3.943584420698689	-241.48730437138335	-50.156488549618324	0.5	0	0.0	-1.9717922103493446	-1.9717922103493446	48.18469633926898	8458.26158938307	1.9795394773634172	0.0005	0	0.0	0.02409234816963449	0.02409234816963449	0.02409234816963449	50.020751953125	242	241	0.06024092348169635	0.0567229379960492
2014-04-20_17:39:30_951758	1283305.0	133.0	-89.0	-233.0	-2.9444656488549628	-48.69847328244275	-2.6801526717557254	0.03668945312499999	0.073251953125	-0.930908203125	0.0	-29.72	5.656945749501842	-5.656945749501842	-524.384311096227	-48.69847328244275	0.5	0	0.0	-2.828472874750921	-2.828472874750921	45.870000407691826	10752.164764068119	-2.3146959315771554	0.0005	0	0.0	0.022935000203845913	0.022935000203845913	0.022935000203845913	50.0087890625	242	241	0.06022935000203846	0.05673624749765577
2014-04-20_17:39:31_002241	1333762.0	70.0	66.0	-250.0	-2.478816793893131	-52.904580152671755	3.23587786259542	0.13849609375	-0.3879296875	-1.249755859375	0.0	-15.64	7.826161932268501	-7.826161932268501	-916.1299543606505	-52.904580152671755	0.5	0	0.0	-3.9130809661342507	-3.9130809661342507	48.9914991865375	13204.478750082913	3.1214987788456767	0.0005	0	0.0	0.02449574959326875	0.02449574959326875	0.02449574959326875	50.055908203125	242	241	0.06024495749593269	0.0567182988796774
2014-04-20_17:39:31_052133	1383647.0	135.0	-19.0	-214.0	-3.0895038167938944	-52.36259541984733	1.7625954198473281	0.5420605468749999	-0.09984375	-0.844482421875	0.0	-32.25	9.590976259174065	-9.590976259174065	-1395.7771122907611	-52.36259541984733	0.5	0	0.0	-4.795488129587032	-4.795488129587032	47.567107290260296	15583.321863254667	-1.424391896277207	0.0005	0	0.0	0.02378355364513015	0.02378355364513015	0.02378355364513015	50.01025390625	242	241	0.060237835536451304	0.056726489133080996
2014-04-20_17:39:31_102657	1434164.0	74.0	-12.0	-221.0	-2.6391221374045815	-56.454198473282446	5.0145038167938925	0.6001660156249999	-0.462880859375	-1.14501953125	0.0	-18.51	11.798224500026533	-11.798224500026533	-1986.3479548239497	-56.454198473282446	0.5	0	0.0	-5.899112250013267	-5.899112250013267	50.55508622326918	18113.902618447697	2.9879789330088826	0.0005	0	0.0	0.02527754311163459	0.02527754311163459	0.02527754311163459	50.055908203125	242	241	0.060252775431116345	0.05670930825421619
2014-04-20_17:39:31_152413	1483925.0	14.0	14.0	-263.0	-2.9750000000000014	-60.530534351145036	0.5870229007633587	0.17951171875	0.291025390625	-0.81103515625	0.0	-3.05	14.46387758453978	-14.46387758453978	-2708.70493488406	-60.530534351145036	0.5	0	0.0	-7.23193879226989	-7.23193879226989	53.29859555887515	20775.748468865222	2.743509335605971	0.0005	0	0.0	0.026649297779437576	0.026649297779437576	0.026649297779437576	49.942138671875	242	241	0.06026649297779438	0.05669353307553647
2014-04-20_17:39:31_202873	1534389.0	97.0	-82.0	-260.0	-0.5169847328244286	-58.11832061068702	-1.2374045801526719	-0.167412109375	0.568857421875	-0.95703125	0.0	-20.46	16.61188672486947	-16.61188672486947	-3538.922096941642	-58.11832061068702	0.5	0	0.0	-8.305943362434736	-8.305943362434736	49.81237724825229	23265.236337360824	-3.48621831062286	0.0005	0	0.0	0.024906188624126146	0.024906188624126146	0.024906188624126146	49.977294921875	242	241	0.06024906188624126	0.05671357883082255
2014-04-20_17:39:31_252674	1584187.0	13.0	46.0	-254.0	-2.5017175572519097	-57.97328244274809	-0.1458015267175573	-0.47576171875	1.379404296875	-0.86474609375	0.0	-2.93	19.063388017565554	-19.063388017565554	-4492.645341368281	-57.97328244274809	0.5	0	0.0	-9.531694008782777	-9.531694008782777	48.441588433965315	25688.723119660564	-1.3707888142869749	0.0005	0	0.0	0.024220794216982658	0.024220794216982658	0.024220794216982658	50.029052734375	242	241	0.06024220794216983	0.0567214608665047
2014-04-20_17:39:31_303094	1634611.0	23.0	38.0	-279.0	-2.1582061068702307	-64.4236641221374	-0.7946564885496185	0.154853515625	0.3737890625	-0.792236328125	0.0	-4.71	21.742538950825065	-21.742538950825065	-5579.055676907981	-64.4236641221374	0.5	0	0.0	-10.871269475412532	-10.871269475412532	53.55239464672486	28364.5778194584	5.110806212759549	0.0005	0	0.0	0.026776197323362432	0.026776197323362432	0.026776197323362432	49.967041015625	242	241	0.06026776197323362	0.056692073730781334
2014-04-20_17:39:31_353032	1684542.0	49.0	8.0	-278.0	-1.8757633587786273	-70.94274809160305	2.6938931297709923	0.027167968749999993	0.417001953125	-0.908447265625	0.0	-10.0	24.588950875617577	-24.588950875617577	-6810.274153430146	-70.94274809160305	0.5	0	0.0	-12.294475437808789	-12.294475437808789	58.648272653794265	31301.215387800672	5.095878007069402	0.0005	0	0.0	0.029324136326897135	0.029324136326897135	0.029324136326897135	50.072021484375	242	241	0.060293241363268975	0.056662772432240674
2014-04-20_17:39:31_403569	1735080.0	-70.0	-6.0	-262.0	-2.349045801526719	-78.55343511450381	1.7473282442748093	0.445380859375	-0.67064453125	-1.337158203125	0.0	14.96	28.241782416628844	-28.241782416628844	-8221.004965878758	-78.55343511450381	0.5	0	0.0	-14.120891208314422	-14.120891208314422	64.4325439061894	34519.74365460684	5.784271252395129	0.0005	0	0.0	0.0322162719530947	0.0322162719530947	0.0322162719530947	49.951904296875	242	241	0.06032216271953095	0.05662951287253941
2014-04-20_17:39:31_453375	1784894.0	-27.0	-121.0	-299.0	-3.6543893129771012	-82.68320610687022	2.6786259541984734	-0.379326171875	-0.719228515625	-0.6337890625	0.0	5.16	31.829690209042568	-31.829690209042568	-9811.727926125688	-82.68320610687022	0.5	0	0.0	-15.914845104521284	-15.914845104521284	66.76836100234894	37856.564219524524	2.335817096159545	0.0005	0	0.0	0.03338418050117447	0.03338418050117447	0.03338418050117447	49.97607421875	242	241	0.06033384180501175	0.05661608192423649
2014-04-20_17:39:31_503605	1835178.0	-42.0	-42.0	-264.0	-2.6391221374045815	-84.5	-3.1305343511450383	-0.280205078125	-0.718984375	-0.7021484375	0.0	9.04	35.52483149728731	-35.52483149728731	-11592.444797145474	-84.5	0.5	0	0.0	-17.762415748643654	-17.762415748643654	66.73758425135634	41201.85080354588	-0.03077675099260091	0.0005	0	0.0	0.03336879212567817	0.03336879212567817	0.03336879212567817	50.1259765625	242	241	0.06033368792125678	0.0566162588905547
2014-04-20_17:39:31_553905	1885422.0	-48.0	1.0	-257.0	-2.249809160305345	-85.35496183206106	1.663358778625954	-0.8981250000000001	-0.4504296875	-0.87060546875	0.0	10.58	39.2179680563558	-39.2179680563558	-13557.862458001007	-85.35496183206106	0.5	0	0.0	-19.6089840281779	-19.6089840281779	65.74597780388316	44496.72589040103	-0.9916064474731741	0.0005	0	0.0	0.03287298890194158	0.03287298890194158	0.03287298890194158	50.115234375	242	241	0.06032872988901942	0.05662196062762767
2014-04-20_17:39:31_604298	1935804.0	-23.0	-38.0	-256.0	-2.6162213740458027	-90.00381679389312	-0.20687022900763363	-0.25310546875	-0.131337890625	-1.19140625	0.0	5.13	42.937910381230644	-42.937910381230644	-15700.585787528425	-90.00381679389312	0.5	0	0.0	-21.468955190615322	-21.468955190615322	68.5348616032778	47916.80957727437	2.7888837993946396	0.0005	0	0.0	0.0342674308016389	0.0342674308016389	0.0342674308016389	49.90283203125	242	241	0.06034267430801639	0.05660592454578116
2014-04-20_17:39:31_654854	1986369.0	-131.0	-21.0	-203.0	-2.5017175572519097	-98.59923664122137	1.7396946564885496	-0.5624316406250001	-0.046865234375	-1.048583984375	0.0	32.84	47.56436089657898	-47.56436089657898	-18077.37550804334	-98.59923664122137	0.5	0	0.0	-23.78218044828949	-23.78218044828949	74.81705619293187	51655.41568332923	6.282194589654068	0.0005	0	0.0	0.037408528096465936	0.037408528096465936	0.037408528096465936	49.969970703125	242	241	0.06037408528096466	0.05656980192689064
2014-04-20_17:39:31_704578	2036089.0	-91.0	-82.0	-232.0	-3.1963740458015284	-98.11068702290076	0.17480916030534344	-0.239921875	0.952890625	-0.93359375	0.0	21.42	51.85474065928442	-51.85474065928442	-20673.277503206	-98.11068702290076	0.5	0	0.0	-25.92737032964221	-25.92737032964221	72.18331669325855	55268.987238005175	-2.633739499673325	0.0005	0	0.0	0.03609165834662927	0.03609165834662927	0.03609165834662927	50.06103515625	242	241	0.0603609165834663	0.056584945929013766
2014-04-20_17:39:31_754640	2086146.0	-130.0	88.0	-203.0	0.17003816793893023	-93.37786259541984	1.785496183206107	-0.6290820312500001	-0.944326171875	-0.742431640625	0.0	32.64	56.0424514513103	-56.0424514513103	-23473.27932870732	-93.37786259541984	0.5	0	0.0	-28.02122572565515	-28.02122572565515	65.35663686976469	58534.34586891655	-6.826679823493862	0.0005	0	0.0	0.03267831843488234	0.03267831843488234	0.03267831843488234	49.962158203125	242	241	0.06032678318434883	0.05662419933799885
2014-04-20_17:39:31_805159	2136675.0	-176.0	140.0	-173.0	-9.99026717557252	-101.40839694656488	-2.0236641221374043	-0.8776171875000001	0.052744140625	-0.66943359375	0.0	45.5	60.80429165460129	-60.80429165460129	-26515.794855091306	-101.40839694656488	0.5	0	0.0	-30.402145827300647	-30.402145827300647	71.00625111926423	62087.345429011475	5.64961424949955	0.0005	0	0.0	0.035503125559632115	0.035503125559632115	0.035503125559632115	50.037841796875	242	241	0.060355031255596325	0.056591714056064224
2014-04-20_17:39:31_855675	2187218.0	-288.0	-117.0	-15.0	-15.63912213740458	45.5	-2.0389312977099237	-1.08220703125	0.646982421875	-1.2568359375	0.0	87.02	59.10182837678783	-59.10182837678783	-29467.408847016926	45.5	0.5	0	0.0	-29.550914188393914	-29.550914188393914	-75.05091418839392	58339.2155570721	-146.05716530765815	0.0005	0	0.0	-0.03752545709419696	-0.03752545709419696	-0.03752545709419696	49.941162109375	242	241	0.05962474542905803	0.05743154275658327
2014-04-20_17:39:31_905974	2237517.0	-223.0	-3.0	-150.0	-1.1811068702290086	17.77480916030534	-1.8404580152671755	-0.9703906250000001	0.08814453125	-0.166748046875	0.0	56.08	58.168395356881646	-58.168395356881646	-32382.446405934326	17.77480916030534	0.5	0	0.0	-29.084197678440823	-29.084197678440823	-46.85900683874617	55990.93408789191	28.19190734964775	0.0005	0	0.0	-0.023429503419373086	-0.023429503419373086	-0.023429503419373086	50.11376953125	242	241	0.05976570496580627	0.05726943928932279
2014-04-20_17:39:31_955579	2287097.0	-135.0	-58.0	-224.0	-3.4101145038167955	2.1335877862595423	-4.93206106870229	-0.7257617187500001	-0.65990234375	-1.021728515625	0.0	31.08	57.52226866703055	-57.52226866703055	-35252.731777396984	2.1335877862595423	0.5	0	0.0	-28.761134333515276	-28.761134333515276	-30.89472211977482	54449.328184461694	15.96428471897135	0.0005	0	0.0	-0.01544736105988741	-0.01544736105988741	-0.01544736105988741	49.898681640625	242	241	0.059845526389401126	0.057177644652188706
2014-04-20_17:39:32_005915	2337428.0	-154.0	-28.0	-250.0	2.8265267175572504	-3.0572519083969465	0.9687022900763358	-0.7665332031250001	-0.200673828125	-0.667724609375	0.0	31.64	57.154450735532905	-57.154450735532905	-38112.63109501219	-3.0572519083969465	0.5	0	0.0	-28.577225367766452	-28.577225367766452	-25.519973459369506	53172.357559379045	5.374748660405313	0.0005	0	0.0	-0.012759986729684753	-0.012759986729684753	-0.012759986729684753	50.0380859375	242	241	0.05987240013270315	0.05714673984739138
2014-04-20_17:39:32_055708	2387250.0	-153.0	9.0	-199.0	-1.0437022900763369	-14.8206106870229	-2.687786259541985	-0.6361621093750001	-0.1926171875	-0.806396484375	0.0	37.56	57.48864600925219	-57.48864600925219	-40986.76865388149	-14.8206106870229	0.5	0	0.0	-28.744323004626096	-28.744323004626096	-13.923712317603197	52476.24332971926	11.596261141766309	0.0005	0	0.0	-0.006961856158801598	-0.006961856158801598	-0.006961856158801598	49.994873046875	242	241	0.059930381438411985	0.057080061345826216
2014-04-20_17:39:32_105919	2437432.0	-130.0	-36.0	-232.0	-3.2727099236641237	-18.698473282442748	-2.145801526717557	-0.7987597656250001	-0.007802734375	-0.447509765625	0.0	29.27	57.84134922542759	-57.84134922542759	-43881.77337116822	-18.698473282442748	0.5	0	0.0	-28.920674612713796	-28.920674612713796	-10.222201330271048	51964.614167044405	3.7015109873321492	0.0005	0	0.0	-0.005111100665135524	-0.005111100665135524	-0.005111100665135524	50.05078125	242	241	0.059948888993348645	0.05705877765764905
2014-04-20_17:39:32_156766	2488274.0	-178.0	-12.0	-198.0	0.6433206106870215	6.3396946564885495	1.3885496183206105	-0.5531542968750001	0.244638671875	-1.041015625	0.0	41.96	57.212503455023025	-57.212503455023025	-46747.37111502045	6.3396946564885495	0.5	0	0.0	-28.606251727511513	-28.606251727511513	-34.94594638400006	50214.279553676264	-24.72374505372901	0.0005	0	0.0	-0.01747297319200003	-0.01747297319200003	-0.01747297319200003	50.0869140625	242	241	0.05982527026808	0.05720093919170799
2014-04-20_17:39:32_206838	2538383.0	-157.0	30.0	-134.0	0.002099236641219804	-3.5763358778625953	0.13664122137404577	-0.6266406250000001	-0.248037109375	-1.0322265625	0.0	49.52	57.23365862466338	-57.23365862466338	-49604.30320544981	-3.5763358778625953	0.5	0	0.0	-28.61682931233169	-28.61682931233169	-25.04049343446909	48964.33343853673	9.905452949530968	0.0005	0	0.0	-0.012520246717234547	-0.012520246717234547	-0.012520246717234547	49.9169921875	242	241	0.05987479753282766	0.0571439828372482
2014-04-20_17:39:32_257143	2588657.0	-184.0	-49.0	-189.0	2.941030534351144	1.9122137404580153	3.350381679389313	-0.6058886718750001	0.34400390625	-0.684814453125	0.0	44.24	56.88013089003135	-56.88013089003135	-52444.10206448759	1.9122137404580153	0.5	0	0.0	-28.440065445015676	-28.440065445015676	-30.35227918547369	47448.96477725943	-5.311785751004599	0.0005	0	0.0	-0.015176139592736846	-0.015176139592736846	-0.015176139592736846	49.926025390625	242	241	0.05984823860407263	0.05717452560531647
2014-04-20_17:39:32_306932	2638445.0	-163.0	-4.0	-168.0	1.139503816793892	1.3625954198473282	-0.1305343511450382	-0.7670214843750001	-0.207021484375	-0.713134765625	0.0	44.14	56.558384191447274	-56.558384191447274	-55277.66882755954	1.3625954198473282	0.5	0	0.0	-28.279192095723637	-28.279192095723637	-29.641787515570964	45963.91556478805	0.7104916699027264	0.0005	0	0.0	-0.014820893757785482	-0.014820893757785482	-0.014820893757785482	50.099853515625	242	241	0.059851791062422145	0.05717044027821454
2014-04-20_17:39:32_356699	2688212.0	-168.0	-50.0	-219.0	-0.005534351145039196	-0.31679389312977113	0.7167938931297709	-0.7755664062500001	0.570078125	-0.359619140625	0.0	37.5	56.19264558799235	-56.19264558799235	-58086.91697754595	-0.31679389312977113	0.5	0	0.0	-28.096322793996176	-28.096322793996176	-27.779528900866406	44575.12901886807	1.8622586147045581	0.0005	0	0.0	-0.013889764450433204	-0.013889764450433204	-0.013889764450433204	49.9931640625	242	241	0.05986110235549567	0.05715973229117999
2014-04-20_17:39:32_407181	2738693.0	-183.0	-85.0	-208.0	-3.1047709923664133	0.19465648854961826	-2.2221374045801525	-0.7638476562500001	-0.15794921875	-0.901123046875	0.0	41.34	55.8861372057252	-55.8861372057252	-60884.02087350779	0.19465648854961826	0.5	0	0.0	-27.9430686028626	-27.9430686028626	-28.137725091412218	43166.83450413053	-0.35819619054581153	0.0005	0	0.0	-0.014068862545706108	-0.014068862545706108	-0.014068862545706108	50.050048828125	242	241	0.059859311374542944	0.05716179191927562
2014-04-20_17:39:32_457280	2788790.0	-178.0	-10.0	-194.0	-0.8910305343511462	0.9427480916030535	-0.4587786259541985	-0.6195605468750001	0.124765625	-0.623291015625	0.0	42.54	55.5729271177947	-55.5729271177947	-63668.623409818596	0.9427480916030535	0.5	0	0.0	-27.78646355889735	-27.78646355889735	-28.729211650500403	41727.29478979043	-0.5914865590881853	0.0005	0	0.0	-0.014364605825250202	-0.014364605825250202	-0.014364605825250202	50.107177734375	242	241	0.0598563539417475	0.05716519296699038
2014-04-20_17:39:32_507571	2839116.0	-193.0	-53.0	-241.0	-2.6467557251908413	4.209923664122138	-1.3442748091603054	-0.6451953125000001	-0.587880859375	-1.199462890625	0.0	38.69	55.029288068477754	-55.029288068477754	-66416.44695946647	4.209923664122138	0.5	0	0.0	-27.514644034238877	-27.514644034238877	-31.724567698361014	40143.16536919031	-2.9953560478606107	0.0005	0	0.0	-0.01586228384918051	-0.01586228384918051	-0.01586228384918051	49.933837890625	242	241	0.05984137716150819	0.05718241626426557
2014-04-20_17:39:32_570915	2902432.0	-156.0	-1.0	-185.0	2.1624045801526703	-0.7137404580152673	3.9381679389312976	-0.8331835937500001	-0.265126953125	-0.9208984375	0.0	40.14	54.772907265549904	-54.772907265549904	-69655.6172053	-0.7137404580152673	0.5	0	0.0	-27.386453632774952	-27.386453632774952	-26.672713174759686	38565.78956051794	5.051854523601328	0.0005	0	0.0	-0.013336356587379843	-0.013336356587379843	-0.013336356587379843	59.13818359375	242	241	0.0598666364341262	0.05715336810075487
2014-04-20_17:39:32_618951	2950461.0	-169.0	-18.0	-169.0	1.0708015267175561	-0.8282442748091603	-2.4129770992366413	-0.7494433593750001	-0.270986328125	-0.580810546875	0.0	45.0	54.61220678282898	-54.61220678282898	-71989.75572293407	-0.8282442748091603	0.5	0	0.0	-27.30610339141449	-27.30610339141449	-26.477859116605327	37434.11965612599	0.19485405815435897	0.0005	0	0.0	-0.013238929558302664	-0.013238929558302664	-0.013238929558302664	42.740234375	242	241	0.05986761070441697	0.05715224768992047
2014-04-20_17:39:32_672422	3003933.0	-149.0	14.0	-205.0	0.03263358778625847	-2.8435114503816794	0.098473282442748	-0.9305957031250001	-0.04125	-0.3212890625	0.0	36.01	54.38177250887721	-54.38177250887721	-74751.96739454709	-2.8435114503816794	0.5	0	0.0	-27.190886254438606	-27.190886254438606	-24.347374804056926	36197.44420855899	2.1304843125484005	0.0055	0	0.0	-0.13391056142231308	-0.13391056142231308	-0.13391056142231308	50.79296875	242	242	0.05866089438577687	0.0585399714563566
2014-04-20_17:39:32_717702	3049213.0	-199.0	60.0	-149.0	-2.6238549618320626	0.9351145038167941	-2.8709923664122137	-0.7467578125000001	0.480234375	-1.03076171875	0.0	53.18	54.31254473683118	-54.31254473683118	-77430.49343505719	0.9351145038167941	0.5	0	0.0	-27.15627236841559	-27.15627236841559	-28.091386872232384	34812.064244944566	-3.744012068175458	0.0055	0	0.0	-0.1545026277972781	-0.1545026277972781	-0.1545026277972781	49.31689453125	242	242	0.058454973722027216	0.0587767802196687
2014-04-20_17:39:32_768526	3100041.0	-166.0	0.0	-191.0	-0.8757633587786273	-3.2251908396946565	-0.2297709923664123	-0.8170703125000001	0.120126953125	-0.730224609375	0.0	41.0	54.20501242908569	-54.20501242908569	-80153.42188900831	-3.2251908396946565	0.5	0	0.0	-27.102506214542846	-27.102506214542846	-23.877315374848187	33612.61388925657	4.214071497384197	0.0055	0	0.0	-0.13132523456166503	-0.13132523456166503	-0.13132523456166503	50.23388671875	242	242	0.05868674765438335	0.05851024019745914
2014-04-20_17:39:32_820464	3152076.0	-188.0	3.0	-169.0	-2.776526717557253	0.9351145038167941	-1.329007633587786	-0.6884082031250001	0.58619140625	-0.924560546875	0.0	48.05	54.03648798124193	-54.03648798124193	-82831.89555962148	0.9351145038167941	0.5	0	0.0	-27.018243990620967	-27.018243990620967	-27.95335849443776	32227.025418766898	-4.076043119589574	0.0055	0	0.0	-0.1537434717194077	-0.1537434717194077	-0.1537434717194077	49.56787109375	242	242	0.05846256528280592	0.05876804992477319
2014-04-20_17:39:32_860395	3191980.0	-168.0	-57.0	-176.0	0.11660305343511279	1.2786259541984735	0.6175572519083969	-0.6908496093750001	-0.297841796875	-0.674072265625	0.0	43.67	53.76653558077526	-53.76653558077526	-85519.78916100542	1.2786259541984735	0.5	0	0.0	-26.88326779038763	-26.88326779038763	-28.161893744586106	30819.157621794813	-0.20853525014834418	0.0055	0	0.0	-0.15489041559522357	-0.15489041559522357	-0.15489041559522357	49.991943359375	242	242	0.05845109584404776	0.058781239779345074
2014-04-20_17:39:32_911454	3243070.0	-201.0	-12.0	-216.0	3.3456106870228997	-0.4847328244274809	3.2053435114503817	-0.6344531250000001	0.210703125	-0.52734375	0.0	42.94	53.57387348585808	-53.57387348585808	-88204.76102359744	-0.4847328244274809	0.5	0	0.0	-26.78693674292904	-26.78693674292904	-26.302203918501558	29500.965136348037	1.8596898260845478	0.0055	0	0.0	-0.14466212155175856	-0.14466212155175856	-0.14466212155175856	50.1171875	242	242	0.05855337878448242	0.05866361439784522
2014-04-20_17:39:32_961333	3292850.0	-180.0	-9.0	-184.0	0.7272900763358767	0.1030534351145036	-0.9091603053435114	-0.7445605468750001	-0.387197265625	-0.61376953125	0.0	44.37	53.384820409771855	-53.384820409771855	-90873.67620900052	0.1030534351145036	0.5	0	0.0	-26.692410204885928	-26.692410204885928	-26.79546364000043	28161.35550087902	-0.4932597214988732	0.0055	0	0.0	-0.14737505002000237	-0.14737505002000237	-0.14737505002000237	49.993896484375	242	242	0.058526249499799975	0.05869481307523003
2014-04-20_17:39:33_011721	3343239.0	-158.0	-45.0	-225.0	-1.234541984732826	-0.9961832061068703	0.30458015267175564	-0.8427050781250001	0.036875	-0.4345703125	0.0	35.08	53.06753822910901	-53.06753822910901	-93527.15676799158	-0.9961832061068703	0.5	0	0.0	-26.533769114554506	-26.533769114554506	-25.537585908447635	26884.42632735916	1.2578777315527958	0.0055	0	0.0	-0.140456722496462	-0.140456722496462	-0.140456722496462	50.001953125	242	242	0.05859543277503538	0.058615252308709315
2014-04-20_17:39:33_061440	3392953.0	-142.0	-41.0	-195.0	-2.4024809160305356	-1.965648854961832	-3.7488549618320612	-0.8207324218750001	-0.3146875	-0.821044921875	0.0	36.06	52.82390542449084	-52.82390542449084	-96171.15057131503	-1.965648854961832	0.5	0	0.0	-26.41195271224542	-26.41195271224542	-24.44630385728359	25660.816005604105	1.0912820511640469	0.0055	0	0.0	-0.13445467121505972	-0.13445467121505972	-0.13445467121505972	50.052978515625	242	242	0.05865545328784941	0.05854622871897318
2014-04-20_17:39:33_111143	3442662.0	-137.0	-41.0	-208.0	1.3837786259541973	-2.1259541984732824	0.8847328244274808	-0.7745898437500001	-0.195302734375	-0.710205078125	0.0	33.37	52.53897771779746	-52.53897771779746	-98795.79061541066	-2.1259541984732824	0.5	0	0.0	-26.26948885889873	-26.26948885889873	-24.143534660425445	24454.70026775834	0.30276919685814363	0.0055	0	0.0	-0.13278944063233994	-0.13278944063233994	-0.13278944063233994	49.9560546875	242	242	0.058672105593676596	0.058527078567271906
2014-04-20_17:39:33_163583	3495167.0	-160.0	56.0	-181.0	-0.8223282442748108	0.6297709923664123	-1.0160305343511449	-0.6847460937500001	-0.318837890625	-0.849853515625	0.0	41.48	52.28619606135991	-52.28619606135991	-101471.4243652264	0.6297709923664123	0.5	0	0.0	-26.143098030679955	-26.143098030679955	-26.77286902304637	23084.656215339735	-2.6293343626209236	0.010499999999999999	0	0.0	-0.28111512474198685	-0.28111512474198685	-0.28111512474198685	51.1728515625	241	242	0.05718884875258013	0.060232823934532845
2014-04-20_17:39:33_213826	3545345.0	-209.0	82.0	-146.0	4.139503816793892	2.50763358778626	3.7244274809160305	-0.8156054687500001	0.06958984375	-0.552490234375	0.0	55.07	52.21898248320018	-52.21898248320018	-104081.54481901009	2.50763358778626	0.5	0	0.0	-26.10949124160009	-26.10949124160009	-28.61712482938635	21654.254103048617	-1.84425580633998	0.0155	0	0.0	-0.4435654348554884	-0.4435654348554884	-0.4435654348554884	49.984130859375	241	243	0.05556434565144512	0.06210100250083811
2014-04-20_17:39:33_263377	3594962.0	-146.0	7.0	-195.0	1.0631679389312962	1.5152671755725189	0.7091603053435114	-0.6652148437500001	-0.25853515625	-0.77197265625	0.0	36.83	51.836998453043186	-51.836998453043186	-106668.77547788408	1.5152671755725189	0.5	0	0.0	-25.918499226521593	-25.918499226521593	-27.43376640209411	20285.01044230347	1.1833584272922373	0.0205	0	0.0	-0.5623922112429293	-0.5623922112429293	-0.5623922112429293	49.910888671875	240	244	0.05437607788757071	0.06346751042929367
2014-04-20_17:39:33_314642	3646154.0	-195.0	3.0	-173.0	-2.2803435114503827	-1.0267175572519085	-0.8633587786259543	-0.8668750000000001	-0.17357421875	-0.342529296875	0.0	48.42	51.819281748330226	-51.819281748330226	-109270.9864748402	-1.0267175572519085	0.5	0	0.0	-25.909640874165113	-25.909640874165113	-24.882923316913203	19035.46366150939	2.550843085180908	0.025500000000000002	0	0.0	-0.6345145445812868	-0.6345145445812868	-0.6345145445812868	50.217041015625	240	244	0.05365485455418713	0.0642969172626848
2014-04-20_17:39:33_364070	3695590.0	-174.0	-84.0	-216.0	-1.356679389312978	0.46183206106870234	-1.8022900763358778	-0.7201464843750001	-0.207021484375	-0.853271484375	0.0	38.86	51.53741372092204	-51.53741372092204	-111845.27777372499	0.46183206106870234	0.5	0	0.0	-25.76870686046102	-25.76870686046102	-26.23053892152972	17725.249523167015	-1.347615604616518	0.030500000000000003	0	0.0	-0.8000314371066566	-0.8000314371066566	-0.8000314371066566	49.949951171875	239	245	0.05199968562893344	0.06620036152672654
2014-04-20_17:39:33_414706	3746218.0	-188.0	-62.0	-229.0	-2.1963740458015284	1.4312977099236641	-2.9396946564885496	-0.7328417968750001	-0.40404296875	-0.952880859375	0.0	39.39	51.22434761003863	-51.22434761003863	-114404.13153076541	1.4312977099236641	0.5	0	0.0	-25.612173805019314	-25.612173805019314	-27.04347151494298	16374.323802917015	-0.8129325934132581	0.035500000000000004	0	0.0	-0.9600432387804758	-0.9600432387804758	-0.9600432387804758	49.953857421875	239	245	0.05039956761219524	0.06804049724597548
2014-04-20_17:39:33_465027	3796542.0	-178.0	-23.0	-198.0	0.750190839694655	-1.5687022900763359	3.0297709923664122	-0.6625292968750001	0.224130859375	-0.83935546875	0.0	41.96	51.11685376559717	-51.11685376559717	-116991.90977294814	-1.5687022900763359	0.5	0	0.0	-25.558426882798585	-25.558426882798585	-23.98972459272225	15159.849852276806	3.0537469222207285	0.0405	0	0.0	-0.9715838460052512	-0.9715838460052512	-0.9715838460052512	50.624755859375	239	245	0.05028416153994748	0.06817321422906039
2014-04-20_17:39:33_515520	3847030.0	-150.0	-56.0	-220.0	3.0097328244274797	0.4541984732824429	0.9229007633587786	-0.6166308593750001	-0.22875	-0.8671875	0.0	34.29	50.758312217052094	-50.758312217052094	-119499.81155758257	0.4541984732824429	0.5	0	0.0	-25.379156108526047	-25.379156108526047	-25.83335458180849	13883.457607755996	-1.8436299890862387	0.0455	0	0.0	-1.1754176334722863	-1.1754176334722863	-1.1754176334722863	49.40869140625	238	246	0.04824582366527713	0.07051730278493129
2014-04-20_17:39:33_564671	3896212.0	-181.0	38.0	-176.0	-0.9520992366412226	2.0877862595419847	-0.4893129770992367	-0.8944628906250001	0.37671875	-0.3046875	0.0	45.81	50.55664541499242	-50.55664541499242	-122035.41987486818	2.0877862595419847	0.5	0	0.0	-25.27832270749621	-25.27832270749621	-27.366108967038194	12510.943016667457	-1.5327543852297048	0.050499999999999996	0	0.0	-1.3819885028354286	-1.3819885028354286	-1.3819885028354286	50.15380859375	237	247	0.04618011497164572	0.07289286778260742
2014-04-20_17:39:33_615410	3946923.0	-198.0	35.0	-151.0	-1.8681297709923674	1.5152671755725189	-2.115267175572519	-0.7609179687500001	0.346201171875	-0.799560546875	0.0	52.67	50.524971776331256	-50.524971776331256	-124553.78627204288	1.5152671755725189	0.5	0	0.0	-25.262485888165628	-25.262485888165628	-26.777753063738146	11176.23284985939	0.588355903300048	0.055499999999999994	0	0.0	-1.4861652950374669	-1.4861652950374669	-1.4861652950374669	49.843994140625	237	248	0.04513834704962533	0.07409090089293087
2014-04-20_17:39:33_667206	3998712.0	-154.0	-71.0	-223.0	-0.06660305343511563	-0.1870229007633588	-0.7183206106870229	-0.6981738281250001	-0.484853515625	-1.144287109375	0.0	34.63	50.216499397725364	-50.216499397725364	-127132.003843782	-0.1870229007633588	0.5	0	0.0	-25.108249698862682	-25.108249698862682	-24.921226798099323	9896.726201431682	1.8565262656388235	0.06049999999999999	0	0.0	-1.507734221285009	-1.507734221285009	-1.507734221285009	51.342041015625	237	248	0.044922657787149906	0.0743389435447776
2014-04-20_17:39:33_715406	4046925.0	-163.0	-13.0	-226.0	2.9486641221374033	0.7213740458015265	2.464885496183206	-0.6886523437500001	-0.103505859375	-0.595947265625	0.0	35.8	49.89405273180454	-49.89405273180454	-129544.43489049171	0.7213740458015265	0.5	0	0.0	-24.94702636590227	-24.94702636590227	-25.668400411703796	8655.6314680488	-0.747173613604474	0.06549999999999999	0	0.0	-1.6812802269665983	-1.6812802269665983	-1.6812802269665983	48.35107421875	236	249	0.04318719773033401	0.07633472261011588
2014-04-20_17:39:33_765819	4097329.0	-201.0	27.0	-171.0	-1.6009541984732838	4.530534351145038	-0.6572519083969467	-0.7282031250000001	0.400888671875	-0.581298828125	0.0	49.61	49.66369095169892	-49.66369095169892	-132058.61074522327	4.530534351145038	0.5	0	0.0	-24.83184547584946	-24.83184547584946	-29.3623798269945	7169.189663506253	-3.693979415290702	0.0705	0	0.0	-2.070047777803112	-2.070047777803112	-2.070047777803112	50.6240234375	234	250	0.039299522221968884	0.08080554944473578
2014-04-20_17:39:33_815680	4147837.0	-160.0	2.0	-170.0	-1.9673664122137415	4.011450381679389	-1.6877862595419848	-0.8153613281250001	-0.135244140625	-1.0263671875	0.0	43.27	49.341321045287785	-49.341321045287785	-134499.12692649552	4.011450381679389	0.5	0	0.0	-24.670660522643892	-24.670660522643892	-28.68211090432328	5750.517558825521	0.6802689226712175	0.0755	0	0.0	-2.1654993732764076	-2.1654993732764076	-2.1654993732764076	49.4619140625	234	251	0.03834500626723592	0.08190324279267869
2014-04-20_17:39:33_866639	4198151.0	-174.0	-51.0	-190.0	5.391412213740457	12.240458015267176	2.0068702290076335	-0.7472460937500001	-0.307607421875	-0.64599609375	0.0	42.49	48.59619903310514	-48.59619903310514	-136962.3111720668	12.240458015267176	0.5	0	0.0	-24.29809951655257	-24.29809951655257	-36.53855753181975	3898.496185570224	-7.856446627496467	0.0805	0	0.0	-2.94135388131149	-2.94135388131149	-2.94135388131149	50.686767578125	231	254	0.0305864611868851	0.09082556963508212
2014-04-20_17:39:33_915891	4247432.0	-170.0	-79.0	-243.0	-1.6009541984732838	14.69083969465649	1.2206106870229008	-0.7152636718750001	0.7761328125	-0.356689453125	0.0	34.98	47.61422061189315	-47.61422061189315	-139309.2179659575	14.69083969465649	0.5	0	0.0	-23.807110305946576	-23.807110305946576	-38.49795000060307	2000.9307262143268	-1.9593924687833209	0.0855	0	0.0	-3.2915747250515626	-3.2915747250515626	-3.2915747250515626	49.2900390625	230	256	0.027084252749484374	0.09485310933809298
2014-04-20_17:39:33_966479	4297990.0	-153.0	-19.0	-220.0	2.8799618320610674	26.729007633587784	-0.3137404580152673	-0.6222460937500001	-0.3146875	-0.902099609375	0.0	34.82	46.040040205072295	-46.040040205072295	-141626.27066318245	26.729007633587784	0.5	0	0.0	-23.020020102536147	-23.020020102536147	-49.749027736123935	-502.7838315241622	-11.251077735520866	0.09050000000000001	0	0.0	-4.5022870101192165	-4.5022870101192165	-4.5022870101192165	50.326904296875	225	261	0.014977129898807834	0.10877630061637099
2014-04-20_17:39:34_016597	4348106.0	-187.0	18.0	-184.0	2.6967557251908385	38.400763358778626	-3.695419847328244	-0.5158007812500001	-0.322744140625	-0.81787109375	0.0	45.47	44.15838278860354	-44.15838278860354	-143820.75685706708	38.400763358778626	0.5	0	0.0	-22.07919139430177	-22.07919139430177	-60.47995475308039	-3508.3836141922593	-10.730927016956457	0.09550000000000002	0	0.0	-5.7758356789191785	-5.7758356789191785	-5.7758356789191785	49.69580078125	220	266	0.0022416432108082153	0.12342211030757054
2014-04-20_17:39:34_066953	4398461.0	-147.0	-29.0	-214.0	6.315076335877861	57.92748091603053	-0.12290076335877864	-0.8256152343750001	-0.395009765625	-0.9892578125	0.0	34.49	41.094117585010544	-41.094117585010544	-145898.92932348346	57.92748091603053	0.5	0	0.0	-20.547058792505272	-20.547058792505272	-78.4745397085358	-7476.923087016086	-17.99458495545541	0.10050000000000002	0	0.0	-7.886691240707849	-7.886691240707849	-7.886691240707849	50.571044921875	220	276	-0.018866912407078492	0.14769694926814025
2014-04-20_17:39:34_116333	4447844.0	-178.0	29.0	-204.0	-1.593320610687024	80.72137404580154	-1.5198473282442748	-0.5079882812500001	0.626962890625	-0.443359375	0.0	41.11	37.181737214501176	-37.181737214501176	-147737.96382641877	80.72137404580154	0.5	0	0.0	-18.590868607250588	-18.590868607250588	-99.31224265305212	-12388.975467710541	-20.837702944516323	0.10550000000000002	0	0.0	-10.477441599897002	-10.477441599897002	-10.477441599897002	49.460693359375	220	287	-0.04477441599897002	0.1774905783988155
2014-04-20_17:39:34_167216	4498726.0	-125.0	-52.0	-252.0	7.33034351145038	123.58396946564886	-4.458778625954199	-0.6420214843750001	-0.117177734375	-1.083251953125	0.0	26.38	30.821538105693133	-30.821538105693133	-149301.60005085403	123.58396946564886	0.5	0	0.0	-15.410769052846566	-15.410769052846566	-138.99473851849544	-19440.447312111497	-39.682495865443315	0.11050000000000003	0	0.0	-15.35891860629375	-15.35891860629375	-15.35891860629375	50.73193359375	220	296	-0.09358918606293751	0.23362756397237808
2014-04-20_17:39:34_216817	4548326.0	-118.0	-26.0	-259.0	9.200572519083968	176.7824427480916	-7.680152671755726	-0.6910937500000001	0.106455078125	-1.03857421875	0.0	24.5	22.159529910050793	-22.159529910050793	-150393.35183195223	176.7824427480916	0.5	0	0.0	-11.079764955025396	-11.079764955025396	-187.862207703117	-28696.009171656595	-48.86746918462157	0.11550000000000003	0	0.0	-21.698084989710022	-21.698084989710022	-21.698084989710022	49.267822265625	220	296	-0.15698084989710023	0.3065279773816652
2014-04-20_17:39:34_267080	4598590.0	-64.0	-16.0	-281.0	13.254007633587786	222.9656488549618	-1.1229007633587789	-0.341728515625	0.264658203125	-1.3583984375	0.0	12.83	10.944110346523402	-10.944110346523402	-150945.74351094407	222.9656488549618	0.5	0	0.0	-5.472055173261701	-5.472055173261701	-228.43770402822352	-40226.145736231534	-40.57549632510651	0.12050000000000004	0	0.0	-27.526743335400944	-27.526743335400944	-27.526743335400944	50.473876953125	220	296	-0.21526743335400944	0.3735575483571108
2014-04-20_17:39:34_317561	4649069.0	-54.0	49.0	-261.0	8.635687022900761	247.94274809160305	5.129007633587785	0.197333984375	0.8884375	-0.6962890625	0.0	11.69	-1.1028988979285759	1.1028988979285759	-150890.99465107665	247.94274809160305	0.5	0	0.0	0.5514494489642879	0.5514494489642879	-247.39129864263876	-52506.86481868004	-18.953594614415238	0.12550000000000003	0	0.0	-31.047607979651172	-31.047607979651172	-31.047607979651172	49.640869140625	220	296	-0.2504760797965117	0.4140474917659885
2014-04-20_17:39:34_367493	4699006.0	121.0	-78.0	-296.0	2.200572519083968	247.94274809160305	3.762595419847328	0.024238281249999993	-0.43431640625	-0.287841796875	0.0	-22.24	-13.749849243469592	13.749849243469592	-150199.2523575696	247.94274809160305	0.5	0	0.0	6.874924621734796	6.874924621734796	-241.06782346986824	-64634.765724720535	6.3234751727705145	0.13050000000000003	0	0.0	-31.459350962817815	-31.459350962817815	-31.459350962817815	50.30908203125	220	296	-0.25459350962817817	0.41878253607240484
2014-04-20_17:39:34_417895	4749399.0	139.0	-44.0	-189.0	9.108969465648855	247.94274809160305	11.785496183206106	1.19171875	-0.62669921875	-1.969970703125	0.0	-36.34	-26.40224440162209	26.40224440162209	-148873.54513061824	247.94274809160305	0.5	0	0.0	13.201122200811046	13.201122200811046	-234.741625890792	-76421.5920708405	6.326197579076251	0.13550000000000004	0	0.0	-31.807490308202325	-31.807490308202325	-31.807490308202325	50.2119140625	220	296	-0.25807490308202324	0.4227861385443267
2014-04-20_17:39:34_468601	4800113.0	171.0	136.0	-140.0	2.3914122137404568	-40.12595419847328	12.113740458015267	-1.77458984375	-2.01	-0.077392578125	0.0	-50.7	-24.93358521993467	24.93358521993467	-147634.24367852937	-40.12595419847328	0.5	0	0.0	12.466792609967335	12.466792609967335	52.592746808440616	-73807.51684202292	287.33437269923263	0.14050000000000004	0	0.0	7.389280926585909	7.389280926585909	7.389280926585909	49.7041015625	270	220	0.1338928092658591	-0.02797673065573795
2014-04-20_17:39:34_518124	4849640.0	261.0	-46.0	82.0	-13.410114503816793	-41.39312977099237	13.358015267175572	1.7805859375	-0.06908203125	-1.8935546875	0.0	72.56	-20.95651177827068	20.95651177827068	-146587.0064682424	-41.39312977099237	0.5	0	0.0	10.47825588913534	10.47825588913534	51.87138566012771	-71215.40390895572	-0.7213611483129085	0.14550000000000005	0	0.0	7.547286613548584	7.547286613548584	7.547286613548584	49.971923828125	271	220	0.13547286613548584	-0.029793796055808716
2014-04-20_17:39:34_568513	4900053.0	219.0	-2.0	-88.0	-6.16583969465649	-7.270992366412214	6.625190839694656	0.25177734375	0.132578125	-0.2607421875	0.0	-68.11	-21.542943944225822	21.542943944225822	-145508.5654321126	-7.270992366412214	0.5	0	0.0	10.771471972112911	10.771471972112911	18.042464338525125	-70312.1970869935	-33.82892132160258	0.15050000000000005	0	0.0	2.715390882948032	2.715390882948032	2.715390882948032	50.06005859375	253	229	0.08715390882948032	0.02577300484609762
2014-04-20_17:39:34_618423	4949939.0	182.0	-30.0	-151.0	-2.5093511450381696	-6.202290076335878	5.632824427480916	0.7559277343749999	0.402353515625	-0.33544921875	0.0	-50.32	-21.814744855572616	21.814744855572616	-144418.2862137621	-6.202290076335878	0.5	0	0.0	10.907372427786308	10.907372427786308	17.109662504122184	-69457.07319786536	-0.932801834402941	0.15550000000000005	0	0.0	2.6605525193910005	2.6605525193910005	2.6605525193910005	49.97900390625	252	230	0.08660552519391	0.02640364602700349
2014-04-20_17:39:34_670541	5002129.0	198.0	22.0	-188.0	0.6204198473282432	-12.713740458015266	-4.191603053435115	0.5222851562499999	0.374521484375	-0.69384765625	0.0	-46.49	-21.680042118687815	21.680042118687815	-143325.26487155567	-12.713740458015266	0.5	0	0.0	10.840021059343908	10.840021059343908	23.553761517359174	-68269.58638917866	6.44409901323699	0.16050000000000006	0	0.0	3.780378723536149	3.780378723536149	3.780378723536149	50.416015625	257	225	0.09780378723536148	0.013525644679334283
2014-04-20_17:39:34_718931	5050441.0	164.0	-17.0	-194.0	0.1013358778625939	-20.53053435114504	2.594656488549618	0.8091503906249999	0.189951171875	-0.630615234375	0.0	-40.21	-21.072125919552143	21.072125919552143	-142300.38066517984	-20.53053435114504	0.5	0	0.0	10.536062959776071	10.536062959776071	31.06659731092111	-66758.6014486294	7.512835793561937	0.16550000000000006	0	0.0	5.141521854957446	5.141521854957446	5.141521854957446	48.636962890625	262	220	0.11141521854957447	-0.002127501332010631
2014-04-20_17:39:34_769729	5101246.0	177.0	-86.0	-187.0	3.086068702290075	-43.04198473282443	1.8465648854961834	0.5481640624999999	-0.293935546875	-0.272705078125	0.0	-43.43	-19.40987700673168	19.40987700673168	-141329.73043643963	-43.04198473282443	0.5	0	0.0	9.70493850336584	9.70493850336584	52.74692323619027	-64120.8303238153	21.68032592526916	0.17050000000000007	0	0.0	8.993350411770445	8.993350411770445	8.993350411770445	50.008056640625	276	220	0.14993350411770445	-0.04642352973536011
2014-04-20_17:39:34_819200	5150714.0	136.0	14.0	-204.0	-0.15820610687023073	-72.3854961832061	0.4877862595419847	0.6607128906249999	-0.546865234375	-0.64453125	0.0	-33.69	-16.144761727099393	16.144761727099393	-140521.60943342771	-72.3854961832061	0.5	0	0.0	8.072380863549697	8.072380863549697	80.4578770467558	-60093.536431326516	27.710953810565528	0.17550000000000007	0	0.0	14.120357421705648	14.120357421705648	14.120357421705648	50.0546875	296	220	0.20120357421705648	-0.10538411034961495
2014-04-20_17:39:34_869261	5200769.0	181.0	32.0	-233.0	-2.6085877862595437	-116.52290076335878	-0.1458015267175573	0.6985546874999999	-0.541005859375	-0.78076171875	0.0	-37.84	-10.87767735239131	10.87767735239131	-139978.540860473	-116.52290076335878	0.5	0	0.0	5.438838676195655	5.438838676195655	121.96173943955444	-54004.590634643704	41.50386239279864	0.18050000000000008	0	0.0	22.014093968839585	22.014093968839585	22.014093968839585	49.925048828125	296	220	0.2801409396883959	-0.19616208064165522
2014-04-20_17:39:34_919623	5251203.0	142.0	-105.0	-238.0	0.200572519083968	-179.2175572519084	-3.573282442748092	0.7110058593749999	0.019541015624999998	-0.45263671875	0.0	-30.82	-2.4944330690313676	2.4944330690313676	-139853.81189911204	-179.2175572519084	0.5	0	0.0	1.2472165345156838	1.2472165345156838	180.46477378642408	-44980.82323993055	58.50303434686964	0.18550000000000008	0	0.0	33.476215537381684	33.476215537381684	33.476215537381684	50.0029296875	296	220	0.3947621553738168	-0.3279764786798893
2014-04-20_17:39:34_969827	5301338.0	67.0	-87.0	-223.0	1.0173664122137391	-234.9732824427481	-17.41297709923664	0.32404296875	0.5495703125	0.718017578125	0.0	-16.72	8.746584003690147	-8.746584003690147	-140291.59380335142	-234.9732824427481	0.5	0	0.0	-4.373292001845074	-4.373292001845074	230.599990440903	-33438.88836681766	50.13521665447894	0.19050000000000009	0	0.0	43.92929817899204	43.92929817899204	43.92929817899204	50.0517578125	296	220	0.49929298178992043	-0.44818692905840846
2014-04-20_17:39:35_019930	5351445.0	12.0	1.0	-349.0	-11.494083969465649	-252.32442748091603	1.2893129770992364	0.213447265625	0.178720703125	1.70849609375	0.0	-1.97	20.897609670434374	-20.897609670434374	-141336.5967338048	-252.32442748091603	0.5	0	0.0	-10.448804835217187	-10.448804835217187	241.87562264569885	-21343.689994556276	11.27563220479584	0.18550000000000008	0	0.0	44.867928000777155	44.867928000777155	44.867928000777155	50.005859375	296	220	0.5086792800077715	-0.4589811720089373
2014-04-20_17:39:35_068976	5400490.0	-51.0	38.0	-77.0	10.628053435114502	-252.32442748091603	24.07557251908397	-1.067802734375	0.32154296875	-2.0	0.0	33.52	33.18929094013115	-33.18929094013115	-142952.48413074395	-252.32442748091603	0.5	0	0.0	-16.594645470065576	-16.594645470065576	235.72978201085044	-9866.711335335618	-6.145840634848412	0.18550000000000008	0	0.0	43.727874563012776	43.727874563012776	43.727874563012776	48.68701171875	296	220	0.49727874563012775	-0.4458705574746469
2014-04-20_17:39:35_118973	5450488.0	-194.0	7.0	-157.0	-17.79179389312977	-252.32442748091603	-22.038931297709922	0.3372265625	1.01783203125	-0.068603515625	0.0	51.02	45.9182791716352	-45.9182791716352	-145249.96756175833	-252.32442748091603	0.5	0	0.0	-22.9591395858176	-22.9591395858176	229.36528789509842	1609.3926932829054	-6.364494115752024	0.18550000000000008	0	0.0	42.54726090454078	42.54726090454078	42.54726090454078	50.0341796875	296	220	0.4854726090454078	-0.4322935004022189
2014-04-20_17:39:35_169317	5500825.0	299.0	89.0	-371.0	23.460114503816794	-28.118320610687025	5.869465648854962	-0.476494140625	1.023935546875	-0.291748046875	0.0	-38.87	45.59757487725859	-45.59757487725859	-147525.2932274658	-28.118320610687025	0.5	0	0.0	-22.798787438629294	-22.798787438629294	5.3195331720577315	1874.838177797078	-224.0457547230407	0.18550000000000008	0	0.0	0.9867734034167096	0.9867734034167096	0.9867734034167096	49.900146484375	246	237	0.06986773403416709	0.04565210586070784
2014-04-20_17:39:35_219770	5551282.0	-360.0	28.0	139.0	10.696755725190839	42.95801526717557	15.037404580152671	-0.360283203125	-0.9973046875	-0.12890625	0.0	-68.89	41.19633627522213	-41.19633627522213	-149591.45644947633	42.95801526717557	0.5	0	0.0	-20.598168137611065	-20.598168137611065	-63.55618340478664	-1312.7619962822	-68.87571657684437	0.18550000000000008	0	0.0	-11.789672021587926	-11.789672021587926	-11.789672021587926	50.154052734375	220	293	-0.05789672021587926	0.19258122824826113
2014-04-20_17:39:35_269563	5601100.0	80.0	-114.0	-365.0	3.437213740458014	20.675572519083968	-1.1229007633587789	0.4505078125	-0.08861328125	-2.0	0.0	-12.36	39.11191476539378	-39.11191476539378	-151547.29090792892	20.675572519083968	0.5	0	0.0	-19.55595738269689	-19.55595738269689	-40.23152990178086	-3324.584045142616	23.324653503005777	0.18550000000000008	0	0.0	-7.462948796780353	-7.462948796780353	-7.462948796780353	50.006103515625	220	274	-0.014629487967803527	0.14282391116297402
2014-04-20_17:39:35_319841	5651417.0	-262.0	16.0	-107.0	-0.34141221374045916	-42.225190839694655	3.6099236641221375	-0.6718066406250001	0.28150390625	-0.7177734375	0.0	67.79	41.75351142569052	-41.75351142569052	-153633.9573001043	-42.225190839694655	0.5	0	0.0	-20.87675571284526	-20.87675571284526	21.348435126849395	-2257.678278809316	61.579965028630255	0.18550000000000008	0	0.0	3.9601347160305647	3.9601347160305647	3.9601347160305647	49.975830078125	257	224	0.09960134716030565	0.011458450765648501
2014-04-20_17:39:35_370461	5702049.0	-197.0	-74.0	-172.0	0.7883587786259527	3.3625954198473282	1.2358778625954199	-0.6017382812500001	0.254404296875	-0.458251953125	0.0	48.88	41.73113942099239	-41.73113942099239	-155722.09345245524	3.3625954198473282	0.5	0	0.0	-20.865569710496196	-20.865569710496196	-24.228165130343523	-3470.0033726300085	-45.57660025719292	0.18550000000000008	0	0.0	-4.494324631678726	-4.494324631678726	-4.494324631678726	50.037841796875	225	261	0.01505675368321274	0.10868473326430533
2014-04-20_17:39:35_420344	5751854.0	-233.0	3.0	-145.0	6.643320610687022	13.408396946564885	8.808396946564885	-0.7938769531250001	0.0749609375	-0.8349609375	0.0	58.11	41.40222549481025	-41.40222549481025	-157790.5369129363	13.408396946564885	0.5	0	0.0	-20.701112747405126	-20.701112747405126	-34.10950969397001	-5174.104817021012	-9.881344563626488	0.18550000000000008	0	0.0	-6.32731404823144	-6.32731404823144	-6.32731404823144	49.959716796875	220	269	-0.0032731404823143962	0.12976411155466153
2014-04-20_17:39:35_472131	5803646.0	-195.0	25.0	-170.0	3.7883587786259527	3.4694656488549622	3.57175572519084	-1.084404296875	-0.20580078125	-0.563232421875	0.0	48.92	41.37881652044362	-41.37881652044362	-159905.6955332898	3.4694656488549622	0.5	0	0.0	-20.68940826022181	-20.68940826022181	-24.158873909076775	-6409.032606257572	9.950635784893237	0.18050000000000008	0	0.0	-4.360676740588359	-4.360676740588359	-4.360676740588359	51.116943359375	226	260	0.016393232594116406	0.10714778251676614
2014-04-20_17:39:35_521357	5852870.0	-246.0	-12.0	-181.0	2.8341603053435103	14.438931297709924	3.3885496183206105	-0.6542285156250001	-0.255361328125	-0.76953125	0.0	53.66	40.92828172671285	-40.92828172671285	-161919.24508871746	14.438931297709924	0.5	0	0.0	-20.464140863356423	-20.464140863356423	-34.90307216106635	-8126.159797236244	-10.744198251989573	0.18050000000000008	0	0.0	-6.300004525072478	-6.300004525072478	-6.300004525072478	49.197021484375	220	269	-0.003000045250724783	0.12945005203833349
2014-04-20_17:39:35_570629	5902242.0	-132.0	1.0	-237.0	-4.6314885496183225	35.61450381679389	-7.168702290076336	-0.8436816406250001	-0.093984375	-0.752685546875	0.0	29.12	38.95647219402325	-38.95647219402325	-163856.4640923404	35.61450381679389	0.5	0	0.0	-19.478236097011624	-19.478236097011624	-55.09273991380552	-10865.799623736117	-20.18966775273917	0.18050000000000008	0	0.0	-9.9442395544419	-9.9442395544419	-9.9442395544419	49.727783203125	220	285	-0.039442395544419	0.17135875487608182
2014-04-20_17:39:35_620933	5952445.0	-53.0	37.0	-162.0	2.5593511450381667	65.75190839694658	-4.252671755725191	-0.7062304687500001	-0.31419921875	-0.773681640625	0.0	18.12	35.3177211079693	-35.3177211079693	-165622.4191276629	65.75190839694658	0.5	0	0.0	-17.65886055398465	-17.65886055398465	-83.41076895093123	-15036.500982940786	-28.31802903712571	0.18050000000000008	0	0.0	-15.055643795643093	-15.055643795643093	-15.055643795643093	50.001953125	220	296	-0.09055643795643092	0.23013990364989553
2014-04-20_17:39:35_671860	6003442.0	-120.0	23.0	-215.0	4.444847328244274	101.6526717557252	-3.977862595419847	-0.273857421875	-0.3683984375	-1.023681640625	0.0	29.17	30.210886785601826	-30.210886785601826	-167133.841175812	101.6526717557252	0.5	0	0.0	-15.105443392800913	-15.105443392800913	-116.7581151485261	-20877.798882872627	-33.347346197594874	0.18050000000000008	0	0.0	-21.07483978430897	-21.07483978430897	-21.07483978430897	50.029052734375	220	296	-0.15074839784308972	0.2993606575195531
2014-04-20_17:39:35_721204	6052714.0	-149.0	31.0	-251.0	6.582251908396945	166.6679389312977	-6.161068702290077	-0.3932421875	0.05494140625	-1.03564453125	0.0	30.7	22.065119428267867	-22.065119428267867	-168235.57801546788	166.6679389312977	0.5	0	0.0	-11.032559714133933	-11.032559714133933	-177.70049864543162	-29750.589552298014	-60.94238349690552	0.18050000000000008	0	0.0	-32.07494000550042	-32.07494000550042	-32.07494000550042	49.93115234375	220	296	-0.26074940005500424	0.42586181006325485
2014-04-20_17:39:35_771335	6102847.0	-57.0	-90.0	-259.0	11.811259541984732	217.7824427480916	-2.4893129770992366	-0.489677734375	0.434091796875	-1.01611328125	0.0	12.41	11.191088764094477	-11.191088764094477	-168795.6379105626	217.7824427480916	0.5	0	0.0	-5.595544382047239	-5.595544382047239	-223.37798713013885	-40929.57800246196	-45.677488484707226	0.18050000000000008	0	0.0	-40.31972667699008	-40.31972667699008	-40.31972667699008	50.045166015625	220	296	-0.3431972667699008	0.5206768567853859
2014-04-20_17:39:35_821470	6152979.0	-115.0	5.0	-342.0	9.231106870229006	247.94274809160305	6.991603053435114	-0.1920703125	-0.6740625	-2.0	0.0	18.59	-0.8138663717689928	0.8138663717689928	-168754.93227270778	247.94274809160305	0.5	0	0.0	0.4069331858844964	0.4069331858844964	-247.53581490571855	-53310.11562775867	-24.157827775579705	0.18050000000000008	0	0.0	-44.680214590482215	-44.680214590482215	-44.680214590482215	50.01513671875	220	296	-0.38680214590482215	0.5708224677905455
2014-04-20_17:39:35_873465	6205018.0	55.0	-62.0	-317.0	26.292175572519085	247.94274809160305	-11.641984732824428	-0.1764453125	-0.0803125	-1.419677734375	0.0	-9.84	-13.456106881248823	13.456106881248823	-168064.8238732392	247.94274809160305	0.5	0	0.0	6.728053440624412	6.728053440624412	-241.21469465097863	-65681.02560364909	6.321120254739924	0.17550000000000007	0	0.0	-42.33317891124677	-42.33317891124677	-42.33317891124677	51.285888671875	220	296	-0.36333178911246766	0.5438315574793379
2014-04-20_17:39:35_922327	6253837.0	57.0	-9.0	-147.0	39.727290076335876	247.94274809160305	-12.916793893129771	-0.345390625	-0.15404296875	1.87060546875	0.0	-21.2	-25.53342147615959	25.53342147615959	-166811.97194090104	247.94274809160305	0.5	0	0.0	12.766710738079794	12.766710738079794	-235.17603735352327	-77220.44084077647	6.038657297455359	0.17550000000000007	0	0.0	-41.27339455554335	-41.27339455554335	-41.27339455554335	49.067138671875	220	296	-0.35273394555543347	0.5316440373887484
2014-04-20_17:39:35_972836	6304352.0	491.0	368.0	511.0	16.376145038167937	-157.04198473282443	-10.687786259541985	-1.01677734375	1.98993896484375	-0.67724609375	0.0	43.86	-16.500398350828213	16.500398350828213	-165992.30176188744	-157.04198473282443	0.5	0	0.0	8.250199175414107	8.250199175414107	165.29218390823854	-69009.42247061605	400.4682212617618	0.17550000000000007	0	0.0	29.008778275895875	29.008778275895875	29.008778275895875	49.67578125	296	220	0.3500877827589588	-0.27660095017280256
2014-04-20_17:39:36_022956	6354475.0	363.0	83.0	185.0	-34.70782442748092	13.599236641221374	-14.870992366412214	0.1516796875	1.98993896484375	-2.0	0.0	63.0	-15.578487303147194	15.578487303147194	-165211.36542900954	13.599236641221374	0.5	0	0.0	7.789243651573597	7.789243651573597	-5.809992989647777	-69300.67248296257	-171.10217689788632	0.17550000000000007	0	0.0	-1.0196537696831853	-1.0196537696831853	-1.0196537696831853	50.129150390625	238	246	0.04980346230316814	0.06872601835135664
2014-04-20_17:39:36_073399	6404915.0	224.0	-130.0	-158.0	-23.51698473282443	-37.51526717557252	7.0145038167938925	-0.286796875	1.50171875	-1.05322265625	0.0	-54.81	-14.5242167080014	14.5242167080014	-164484.92410677206	-37.51526717557252	0.5	0	0.0	7.2621083540007	7.2621083540007	44.77737552957322	-67061.09312801482	50.587368519220995	0.17550000000000007	0	0.0	7.858429405440104	7.858429405440104	7.858429405440104	50.015869140625	272	220	0.13858429405440104	-0.03337193816256119
2014-04-20_17:39:36_123525	6455081.0	209.0	84.0	-209.0	-8.997900763358778	5.713740458015267	3.144274809160305	0.9495312499999999	0.286875	-0.4638671875	0.0	-45.0	-15.413380973223248	15.413380973223248	-163715.33128539566	5.713740458015267	0.5	0	0.0	7.706690486611624	7.706690486611624	1.9929500285963568	-66961.58478276376	-42.784425500976866	0.17550000000000007	0	0.0	0.34976273001866076	0.34976273001866076	0.34976273001866076	49.93017578125	244	240	0.06349762730018661	0.05297772860478539
2014-04-20_17:39:36_173535	6505050.0	159.0	-66.0	-211.0	7.315076335877862	1.1335877862595418	-1.5961832061068701	0.8028027343749999	-0.47826171875	-0.308349609375	0.0	-37.0	-15.900669786479463	15.900669786479463	-162920.9305619836	1.1335877862595418	0.5	0	0.0	7.950334893239732	7.950334893239732	6.8167471069801895	-66621.01869933332	4.823797078383833	0.17550000000000007	0	0.0	1.1963391172750237	1.1963391172750237	1.1963391172750237	49.960205078125	247	236	0.07196339117275023	0.043242100151337226
2014-04-20_17:39:36_223529	6555074.0	166.0	-21.0	-220.0	-2.2727099236641237	-10.629770992366414	-6.382442748091603	0.7854687499999999	0.374521484375	-0.894287109375	0.0	-37.04	-15.80161762627045	15.80161762627045	-162129.39528373524	-10.629770992366414	0.5	0	0.0	7.900808813135225	7.900808813135225	18.530579805501638	-65692.78413567282	11.713832698521449	0.17550000000000007	0	0.0	3.252116755865539	3.252116755865539	3.252116755865539	50.092041015625	255	227	0.0925211675586554	0.019600657307546298
2014-04-20_17:39:36_273671	6605186.0	190.0	-49.0	-188.0	-3.020801526717559	-26.51526717557252	-0.0007633587786259888	0.7796093749999999	0.1862890625	-0.510986328125	0.0	-45.31	-15.092390785060084	15.092390785060084	-161374.7315284936	-26.51526717557252	0.5	0	0.0	7.546195392530042	7.546195392530042	34.06146256810256	-63989.61121782657	15.530882762600925	0.17550000000000007	0	0.0	5.977786680702002	5.977786680702002	5.977786680702002	50.0029296875	265	220	0.11977786680702003	-0.011744546828073028
2014-04-20_17:39:36_323666	6655174.0	167.0	-34.0	-193.0	-0.9368320610687038	-47.461832061068705	2.5564885496183205	0.3909375	-0.39916015625	-0.511474609375	0.0	-40.87	-13.281198010622147	13.281198010622147	-160710.34089500422	-47.461832061068705	0.5	0	0.0	6.640599005311073	6.640599005311073	54.10243106637978	-61283.14238717145	20.040968498277216	0.17550000000000007	0	0.0	9.494976652149655	9.494976652149655	9.494976652149655	50.02490234375	278	220	0.15494976652149656	-0.05219223149972102
2014-04-20_17:39:36_375212	6706724.0	131.0	6.0	-220.0	1.1318702290076321	-71.16412213740458	-1.336641221374046	0.5122753906249999	-0.699697265625	-0.82568359375	0.0	-30.77	-10.069591770039933	10.069591770039933	-160196.1156557144	-71.16412213740458	0.5	0	0.0	5.0347958850199666	5.0347958850199666	76.19891802242454	-57391.88167387346	22.096486956044757	0.17050000000000007	0	0.0	12.991915522823389	12.991915522823389	12.991915522823389	51.067138671875	292	220	0.1899191552282339	-0.09240702851246896
2014-04-20_17:39:36_425896	6757412.0	169.0	58.0	-226.0	-1.913931297709925	-114.52290076335878	0.46488549618320607	0.7642285156249999	-0.973623046875	-1.19482421875	0.0	-36.79	-4.908340959060888	4.908340959060888	-159947.0221453438	-114.52290076335878	0.5	0	0.0	2.454170479530444	2.454170479530444	116.97707124288922	-51455.409543717964	40.77815322046469	0.16550000000000006	0	0.0	19.359705290698173	19.359705290698173	19.359705290698173	50.7490234375	296	220	0.25359705290698176	-0.165636610843029
2014-04-20_17:39:36_475379	6806892.0	168.0	-92.0	-268.0	-0.051335877862596746	-171.67557251908397	10.07557251908397	-0.228447265625	0.31373046875	-0.583740234375	0.0	-32.08	2.856565307884278	-2.856565307884278	-160088.09016395162	-171.67557251908397	0.5	0	0.0	-1.428282653942139	-1.428282653942139	170.24728986514182	-43047.95329255551	53.2702186222526	0.16050000000000006	0	0.0	27.324690023355274	27.324690023355274	27.324690023355274	49.3837890625	296	220	0.33324690023355275	-0.2572339352685856
2014-04-20_17:39:36_525818	6857330.0	88.0	-37.0	-329.0	-24.52461832061069	-252.32442748091603	12.289312977099236	0.7097851562499999	1.409921875	-2.0	0.0	-14.98	14.823003055952817	-14.823003055952817	-160826.79394222147	-252.32442748091603	0.5	0	0.0	-7.411501527976409	-7.411501527976409	244.91292595293962	-30842.727194601935	74.6656360877978	0.15550000000000005	0	0.0	38.08395998568212	38.08395998568212	38.08395998568212	49.8349609375	296	220	0.4408395998568212	-0.38096553983534437
2014-04-20_17:39:36_575697	6907292.0	68.0	-122.0	-153.0	-13.219274809160307	-252.32442748091603	30.24351145038168	-1.196953125	0.109873046875	-2.0	0.0	-23.96	26.445022761004672	-26.445022761004672	-162152.6670670317	-252.32442748091603	0.5	0	0.0	-13.222511380502336	-13.222511380502336	239.1019161004137	-18854.88329999816	-5.8110098525259275	0.15050000000000005	0	0.0	35.984838373112275	35.984838373112275	35.984838373112275	50.136962890625	296	220	0.41984838373112277	-0.3568256412907912
2014-04-20_17:39:36_626265	6957782.0	-146.0	-33.0	-305.0	-22.081870229007635	-252.32442748091603	0.266412213740458	0.6135937499999999	-1.650625	1.99993896484375	0.0	25.58	38.901952074017956	-38.901952074017956	-164115.11668890624	-252.32442748091603	0.5	0	0.0	-19.450976037008978	-19.450976037008978	232.87345144390704	-7107.338707346749	-6.228464656506645	0.14550000000000005	0	0.0	33.883087185088485	33.883087185088485	33.883087185088485	50.446044921875	296	220	0.39883087185088484	-0.33265550262851756
2014-04-20_17:39:36_677316	7008835.0	-84.0	-31.0	-294.0	41.03263358778626	-252.32442748091603	14.86946564885496	-0.0031054687500000067	0.044931640625	-2.0	0.0	15.95	50.964489741454045	-50.964489741454045	-166695.85343469342	-252.32442748091603	0.5	0	0.0	-25.482244870727023	-25.482244870727023	226.842182610189	4379.482001082726	-6.0312688337180305	0.14050000000000004	0	0.0	31.871326656731565	31.871326656731565	31.871326656731565	50.637939453125	296	220	0.3787132665673157	-0.30952025655241294
2014-04-20_17:39:36_727214	7058723.0	193.0	327.0	-96.0	32.78072519083969	23.5	15.525954198473283	-0.7799609375000001	0.2800390625	-1.164794921875	0.0	-63.56	47.548641088192625	-47.548641088192625	-169019.37535990053	23.5	0.5	0	0.0	-23.774320544096312	-23.774320544096312	-47.27432054409631	2069.365081447926	-274.11650315428534	0.13550000000000004	0	0.0	-6.405670433725052	-6.405670433725052	-6.405670433725052	48.8662109375	220	269	-0.00405670433725052	0.1306652099878381
2014-04-20_17:39:36_776441	7107957.0	1.0	-120.0	-142.0	-4.379580152671758	76.24809160305344	5.884732824427481	-0.8168261718750001	1.038828125	-1.262451171875	0.0	-0.4	42.87750394191903	-42.87750394191903	-171149.4430795308	76.24809160305344	0.5	0	0.0	-21.438751970959515	-21.438751970959515	-97.68684357401295	-2783.51983488111	-50.41252302991664	0.13050000000000003	0	0.0	-12.748133086408695	-12.748133086408695	-12.748133086408695	49.677978515625	220	296	-0.06748133086408695	0.20360353049369992
2014-04-20_17:39:36_826838	7158349.0	-205.0	32.0	-512.0	-7.303244274809162	51.217557251908396	11.953435114503817	-0.17986328125	-0.8371484375	-1.5	0.0	21.82	39.93172832860983	-39.93172832860983	-173157.97196842288	51.217557251908396	0.5	0	0.0	-19.965864164304914	-19.965864164304914	-71.1834214162133	-6363.979892809662	26.503422157799648	0.12550000000000003	0	0.0	-8.933519387734773	-8.933519387734773	-8.933519387734773	50.299072265625	220	280	-0.029335193877347728	0.15973547295894985
2014-04-20_17:39:36_877442	7208960.0	-193.0	102.0	-160.0	-11.081870229007635	-13.645038167938932	1.365648854961832	-0.9005664062500001	-0.64330078125	-1.056396484375	0.0	50.34	40.809631041010704	-40.809631041010704	-175201.63180960965	-13.645038167938932	0.5	0	0.0	-20.404815520505352	-20.404815520505352	-6.75977735256642	-6702.495217707384	64.42364406364689	0.12050000000000002	0	0.0	-0.8145531709842538	-0.8145531709842538	-0.8145531709842538	50.077880859375	239	245	0.05185446829015747	0.06636736146631891
2014-04-20_17:39:36_927607	7259123.0	-222.0	-28.0	-146.0	-4.089503816793894	-12.225190839694658	0.8465648854961831	-0.6154101562500001	-0.433828125	-0.607421875	0.0	56.67	41.72457747512988	-41.72457747512988	-177283.14425773846	-12.225190839694658	0.5	0	0.0	-20.86228873756494	-20.86228873756494	-8.63709789787028	-7133.373800021133	-1.87732054530386	0.11550000000000002	0	0.0	-0.9975848072040175	-0.9975848072040175	-0.9975848072040175	49.886962890625	239	246	0.05002415192795983	0.0684722252828462
2014-04-20_17:39:36_976364	7307872.0	-193.0	-52.0	-191.0	6.00973282442748	11.148854961832061	5.846564885496183	-0.9791796875000001	-0.249990234375	-0.74267578125	0.0	45.3	41.2627961688415	-41.2627961688415	-179297.30464357973	11.148854961832061	0.5	0	0.0	-20.63139808442075	-20.63139808442075	-31.78025304625281	-8684.662919543032	-23.14315514838253	0.11550000000000002	0	0.0	-3.6706192268422	-3.6706192268422	-3.6706192268422	48.81298828125	228	257	0.023293807731578	0.0992121211086853
2014-04-20_17:39:37_026431	7357949.0	-168.0	-91.0	-244.0	4.6662213740458	17.255725190839694	6.022137404580152	-0.7992480468750001	-0.868154296875	-0.78271484375	0.0	34.55	40.28252013610178	-40.28252013610178	-181312.64030614085	17.255725190839694	0.5	0	0.0	-20.14126006805089	-20.14126006805089	-37.39698525889058	-10555.635187660131	-5.616732212637771	0.11550000000000002	0	0.0	-4.319351797401863	-4.319351797401863	-4.319351797401863	50.030029296875	226	260	0.01680648202598137	0.10667254567012141
2014-04-20_17:39:37_076500	7408017.0	-152.0	-47.0	-245.0	1.4143129770992355	28.00381679389313	1.945801526717557	-0.7111132812500001	0.29322265625	-0.28564453125	0.0	31.82	38.7431561694998	-38.7431561694998	-183246.8185994319	28.00381679389313	0.5	0	0.0	-19.3715780847499	-19.3715780847499	-47.37539487864303	-12920.761560159965	-9.978409619752448	0.11550000000000002	0	0.0	-5.4718581084832705	-5.4718581084832705	-5.4718581084832705	49.923095703125	222	265	0.005281418915167296	0.1199263682475576
2014-04-20_17:39:37_126741	7458253.0	-156.0	25.0	-252.0	2.032633587786258	43.75954198473282	-0.7030534351145038	-0.8749316406250001	0.144052734375	-0.748291015625	0.0	31.76	36.45880932851489	-36.45880932851489	-185070.18631752944	43.75954198473282	0.5	0	0.0	-18.229404664257444	-18.229404664257444	-61.988946648990265	-16020.93532557802	-14.613551770347236	0.11550000000000002	0	0.0	-7.1597233379583765	-7.1597233379583765	-7.1597233379583765	50.01171875	220	272	-0.011597233379583764	0.13933681838652132
2014-04-20_17:39:37_177201	7508717.0	-176.0	15.0	-225.0	1.2234732824427468	64.62213740458016	-4.122900763358779	-0.5075000000000001	0.1999609375	-1.15966796875	0.0	38.04	33.313109489942335	-33.313109489942335	-186741.50241805316	64.62213740458016	0.5	0	0.0	-16.656554744971167	-16.656554744971167	-81.27869214955132	-20098.680960823185	-19.289745500561054	0.11550000000000002	0	0.0	-9.38768894327318	-9.38768894327318	-9.38768894327318	50.169921875	220	282	-0.033876889432731795	0.16495842284764153
2014-04-20_17:39:37_227148	7558691.0	-180.0	20.0	-211.0	2.773091603053434	92.8587786259542	-6.138167938931298	-0.5367968750000001	0.507822265625	-0.874267578125	0.0	40.47	28.916805804659123	-28.916805804659123	-188183.96107987294	92.8587786259542	0.5	0	0.0	-14.458402902329562	-14.458402902329562	-107.31718152828377	-25451.9900055108	-26.03848937873245	0.11550000000000002	0	0.0	-12.395134466516778	-12.395134466516778	-12.395134466516778	49.883056640625	220	295	-0.06395134466516778	0.19954404636494294
2014-04-20_17:39:37_277311	7608827.0	-119.0	-10.0	-242.0	7.315076335877862	142.85114503816794	-1.054198473282443	-0.7609179687500001	0.390390625	-0.84228515625	0.0	26.19	21.86123726772061	-21.86123726772061	-189277.22042025576	142.85114503816794	0.5	0	0.0	-10.930618633860306	-10.930618633860306	-153.78176367202826	-33142.46733102039	-46.464582143744494	0.11550000000000002	0	0.0	-17.761793704119267	-17.761793704119267	-17.761793704119267	50.009033203125	220	296	-0.11761793704119267	0.2612606275973715
2014-04-20_17:39:37_327193	7658702.0	-117.0	-30.0	-237.0	11.086068702290074	193.8587786259542	3.7244274809160305	-0.330498046875	0.094736328125	-1.231689453125	0.0	26.28	12.454026752192924	-12.454026752192924	-189899.68763675704	193.8587786259542	0.5	0	0.0	-6.227013376096462	-6.227013376096462	-200.08579200205065	-43142.99555270882	-46.30402833002239	0.11550000000000002	0	0.0	-23.109908976236856	-23.109908976236856	-23.109908976236856	49.981201171875	220	296	-0.17109908976236857	0.3227639532267238
2014-04-20_17:39:37_377349	7708865.0	13.0	-7.0	-228.0	3.635687022900762	247.94274809160305	0.533587786259542	-0.38494140625	0.34546875	-0.369873046875	0.0	-3.26	-0.022630088271720812	0.022630088271720812	-189898.55491133526	247.94274809160305	0.5	0	0.0	0.011315044135860406	0.011315044135860406	-247.93143304746718	-55552.944364921896	-47.84564104541653	0.11550000000000002	0	0.0	-28.636080516982464	-28.636080516982464	-28.636080516982464	50.053955078125	220	296	-0.22636080516982462	0.38631492594529826
2014-04-20_17:39:37_427589	7759105.0	-18.0	-12.0	-188.0	27.68912213740458	247.94274809160305	-4.809923664122138	0.1301953125	0.124521484375	-0.81591796875	0.0	5.47	-12.051778761169759	12.051778761169759	-189296.47205383022	247.94274809160305	0.5	0	0.0	6.025889380584879	6.025889380584879	-241.91685871101816	-67638.6286823824	6.014574336449016	0.11550000000000002	0	0.0	-27.941397181122603	-27.941397181122603	-27.941397181122603	49.9580078125	220	296	-0.21941397181122604	0.3783260675829099
2014-04-20_17:39:37_477734	7809249.0	115.0	-113.0	-334.0	27.81889312977099	247.94274809160305	5.747328244274809	0.7779003906249999	-1.40599609375	-2.0	0.0	-19.0	-24.347245834826712	24.347245834826712	-188078.37863141563	247.94274809160305	0.5	0	0.0	12.173622917413356	12.173622917413356	-235.7691251741897	-79434.1649221457	6.1477335368284685	0.11550000000000002	0	0.0	-27.231333957618915	-27.231333957618915	-27.231333957618915	50.030029296875	220	296	-0.21231333957618914	0.3701603405126175
